Order ID,Order Date,Ship Date,Ship Mode,Customer ID,Customer Name,Segment,Country,City,State,Region,Product ID,Category,Sub-Category,Product Name,Sales,Quantity,Discount,Profit,Order Year,Order Month,Order Month Name,Shipping Days,Profit Margin,Net Revenue,Profit Category,Shipping Speed
ORD-00001,2022-01-04,2022-01-06,Standard Class,CUST-0003,Bob Johnson,Consumer,United States,Philadelphia,Pennsylvania,East,PROD-4811,Furniture,Bookcases,Bookcases Product 33,527.54,3,0.3,23.43,2022,1,Jan,2,0.0444,1107.83,Low Profit,Express
ORD-00002,2022-01-20,2022-01-23,Same Day,CUST-0049,Ursula Burns,Corporate,United States,Houston,Texas,South,PROD-5552,Furniture,Tables,Tables Product 10,1446.24,9,0.1,142.76,2022,1,Jan,3,0.0987,11714.54,Moderate Profit,Standard
ORD-00003,2022-01-07,2022-01-12,Standard Class,CUST-0047,Sandra Bullock,Corporate,United States,Houston,Texas,South,PROD-2291,Technology,Phones,Phones Product 36,296.38,2,0.0,90.17,2022,1,Jan,5,0.3042,592.76,High Profit,Slow
ORD-00004,2022-01-10,2022-01-13,First Class,CUST-0043,Olivia Newton,Consumer,United States,New York,New York,East,PROD-4814,Office Supplies,Art,Art Product 7,443.3,6,0.2,33.42,2022,1,Jan,3,0.0754,2127.84,Moderate Profit,Standard
ORD-00005,2022-01-13,2022-01-20,Standard Class,CUST-0045,Queen Latifah,Home Office,United States,Denver,Colorado,West,PROD-3803,Technology,Copiers,Copiers Product 35,1914.34,6,0.0,308.31,2022,1,Jan,7,0.1611,11486.04,Moderate Profit,Slow
ORD-00006,2022-01-24,2022-01-26,Second Class,CUST-0050,Vincent Vega,Consumer,United States,Denver,Colorado,West,PROD-6168,Furniture,Tables,Tables Product 26,951.41,5,0.3,134.19,2022,1,Jan,2,0.141,3329.94,Moderate Profit,Express
ORD-00007,2022-01-09,2022-01-14,Second Class,CUST-0042,Neil Young,Corporate,United States,Indianapolis,Indiana,Central,PROD-3287,Furniture,Tables,Tables Product 16,1830.62,10,0.3,145.39,2022,1,Jan,5,0.0794,12814.34,Moderate Profit,Slow
ORD-00008,2022-01-24,2022-01-27,Same Day,CUST-0015,Mike Tyson,Consumer,United States,Kansas City,Missouri,Central,PROD-1771,Office Supplies,Art,Art Product 8,135.06,10,0.1,36.66,2022,1,Jan,3,0.2714,1215.54,High Profit,Standard
ORD-00009,2022-01-05,2022-01-09,Standard Class,CUST-0034,Frank Sinatra,Home Office,United States,Indianapolis,Indiana,Central,PROD-2876,Office Supplies,Paper,Paper Product 44,397.08,7,0.0,19.2,2022,1,Jan,4,0.0484,2779.56,Low Profit,Standard
ORD-00010,2022-01-18,2022-01-20,First Class,CUST-0033,Elvis Presley,Home Office,United States,Dallas,Texas,South,PROD-9317,Technology,Accessories,Accessories Product 39,352.43,7,0.0,65.59,2022,1,Jan,2,0.1861,2467.01,Moderate Profit,Express
ORD-00011,2022-01-07,2022-01-09,Standard Class,CUST-0032,Donna Summer,Corporate,United States,Chicago,Illinois,East,PROD-6038,Furniture,Bookcases,Bookcases Product 16,1536.9,9,0.4,200.86,2022,1,Jan,2,0.1307,8299.26,Moderate Profit,Express
ORD-00012,2022-01-02,2022-01-07,Second Class,CUST-0043,Olivia Newton,Corporate,United States,Seattle,Washington,West,PROD-9645,Furniture,Chairs,Chairs Product 39,217.02,8,0.4,6.14,2022,1,Jan,5,0.0283,1041.7,Low Profit,Slow
ORD-00013,2022-01-14,2022-01-17,Second Class,CUST-0008,Fiona Apple,Consumer,United States,Indianapolis,Indiana,Central,PROD-6539,Furniture,Tables,Tables Product 2,1440.25,7,0.3,194.04,2022,1,Jan,3,0.1347,7057.22,Moderate Profit,Standard
ORD-00014,2022-01-19,2022-01-21,First Class,CUST-0005,Charlie Wilson,Consumer,United States,Los Angeles,California,East,PROD-9423,Office Supplies,Paper,Paper Product 16,296.28,1,0.0,77.73,2022,1,Jan,2,0.2624,296.28,High Profit,Express
ORD-00015,2022-01-09,2022-01-14,Second Class,CUST-0031,Carl Sagan,Consumer,United States,Minneapolis,Minnesota,Central,PROD-2588,Office Supplies,Appliances,Appliances Product 43,111.05,3,0.3,20.2,2022,1,Jan,5,0.1819,233.2,Moderate Profit,Slow
ORD-00016,2022-01-14,2022-01-21,First Class,CUST-0026,Xavier Woods,Consumer,United States,New York,New York,East,PROD-5073,Technology,Copiers,Copiers Product 13,1245.08,1,0.3,168.48,2022,1,Jan,7,0.1353,871.56,Moderate Profit,Slow
ORD-00017,2022-01-07,2022-01-09,Standard Class,CUST-0036,Harry Styles,Home Office,United States,Philadelphia,Pennsylvania,East,PROD-9856,Office Supplies,Appliances,Appliances Product 1,74.39,3,0.0,14.04,2022,1,Jan,2,0.1887,223.17,Moderate Profit,Express
ORD-00018,2022-01-03,2022-01-05,Same Day,CUST-0025,Wendy Williams,Corporate,United States,Los Angeles,California,East,PROD-8454,Furniture,Tables,Tables Product 19,842.51,8,0.0,799.73,2022,1,Jan,2,0.9492,6740.08,High Profit,Express
ORD-00019,2022-02-23,2022-02-28,Standard Class,CUST-0038,James Bond,Home Office,United States,San Francisco,California,West,PROD-6138,Office Supplies,Art,Art Product 4,332.63,8,0.0,35.58,2022,2,Feb,5,0.107,2661.04,Moderate Profit,Slow
ORD-00020,2022-02-02,2022-02-08,Standard Class,CUST-0005,Charlie Wilson,Home Office,United States,Los Angeles,California,East,PROD-4853,Office Supplies,Appliances,Appliances Product 26,253.91,9,0.0,17.03,2022,2,Feb,6,0.0671,2285.19,Moderate Profit,Slow
ORD-00021,2022-02-04,2022-02-11,First Class,CUST-0014,Laura Palmer,Consumer,United States,Miami,Florida,South,PROD-5351,Office Supplies,Paper,Paper Product 26,291.56,1,0.2,15.22,2022,2,Feb,7,0.0522,233.25,Moderate Profit,Slow
ORD-00022,2022-02-05,2022-02-08,First Class,CUST-0035,Grace Kelly,Consumer,United States,New York,New York,East,PROD-6718,Office Supplies,Storage,Storage Product 5,231.33,2,0.0,43.37,2022,2,Feb,3,0.1875,462.66,Moderate Profit,Standard
ORD-00023,2022-02-08,2022-02-10,Second Class,CUST-0043,Olivia Newton,Corporate,United States,Chicago,Illinois,East,PROD-2891,Technology,Accessories,Accessories Product 7,490.09,9,0.3,37.94,2022,2,Feb,2,0.0774,3087.57,Moderate Profit,Express
ORD-00024,2022-02-24,2022-02-28,First Class,CUST-0033,Elvis Presley,Consumer,United States,Denver,Colorado,West,PROD-2512,Office Supplies,Paper,Paper Product 41,139.81,10,0.0,37.09,2022,2,Feb,4,0.2653,1398.1,High Profit,Standard
ORD-00025,2022-02-14,2022-02-21,Same Day,CUST-0036,Harry Styles,Home Office,United States,Phoenix,Arizona,West,PROD-1158,Technology,Phones,Phones Product 8,30.57,3,0.3,5.78,2022,2,Feb,7,0.1891,64.2,Moderate Profit,Slow
ORD-00026,2022-02-03,2022-02-07,First Class,CUST-0003,Bob Johnson,Consumer,United States,Minneapolis,Minnesota,Central,PROD-6862,Office Supplies,Paper,Paper Product 14,275.07,6,0.2,41.54,2022,2,Feb,4,0.151,1320.34,Moderate Profit,Standard
ORD-00027,2022-02-22,2022-02-25,Same Day,CUST-0011,Ivan Drago,Consumer,United States,Seattle,Washington,West,PROD-3938,Furniture,Chairs,Chairs Product 48,739.67,9,0.4,50.86,2022,2,Feb,3,0.0688,3994.22,Moderate Profit,Standard
ORD-00028,2022-02-11,2022-02-16,First Class,CUST-0013,Kevin Hart,Corporate,United States,Minneapolis,Minnesota,Central,PROD-4728,Technology,Computers,Computers Product 15,815.08,2,0.1,198.34,2022,2,Feb,5,0.2433,1467.14,High Profit,Slow
ORD-00029,2022-02-01,2022-02-07,First Class,CUST-0042,Neil Young,Home Office,United States,Miami,Florida,South,PROD-9785,Office Supplies,Paper,Paper Product 22,202.24,5,0.4,5.73,2022,2,Feb,6,0.0283,606.72,Low Profit,Slow
ORD-00030,2022-02-01,2022-02-05,Same Day,CUST-0047,Sandra Bullock,Home Office,United States,Kansas City,Missouri,Central,PROD-9379,Furniture,Bookcases,Bookcases Product 8,398.21,5,0.0,32.86,2022,2,Feb,4,0.0825,1991.05,Moderate Profit,Standard
ORD-00031,2022-02-13,2022-02-15,First Class,CUST-0028,Zara Phillips,Home Office,United States,Denver,Colorado,West,PROD-6143,Office Supplies,Paper,Paper Product 43,131.09,7,0.0,27.0,2022,2,Feb,2,0.206,917.63,High Profit,Express
ORD-00032,2022-02-28,2022-02-28,Same Day,CUST-0013,Kevin Hart,Home Office,United States,Dallas,Texas,South,PROD-3851,Furniture,Bookcases,Bookcases Product 40,1038.89,7,0.0,177.36,2022,2,Feb,0,0.1707,7272.23,Moderate Profit,Express
ORD-00033,2022-03-10,2022-03-15,Second Class,CUST-0029,Aaron Paul,Home Office,United States,Atlanta,Georgia,South,PROD-8752,Technology,Phones,Phones Product 48,925.55,4,0.1,224.79,2022,3,Mar,5,0.2429,3331.98,High Profit,Slow
ORD-00034,2022-03-06,2022-03-09,Second Class,CUST-0015,Mike Tyson,Consumer,United States,Denver,Colorado,West,PROD-1757,Office Supplies,Binders,Binders Product 16,145.47,10,0.0,11.35,2022,3,Mar,3,0.078,1454.7,Moderate Profit,Standard
ORD-00035,2022-03-16,2022-03-19,Second Class,CUST-0026,Xavier Woods,Home Office,United States,Indianapolis,Indiana,Central,PROD-1090,Office Supplies,Binders,Binders Product 49,230.43,10,0.0,61.18,2022,3,Mar,3,0.2655,2304.3,High Profit,Standard
ORD-00036,2022-03-28,2022-03-28,Same Day,CUST-0030,Betty White,Home Office,United States,San Francisco,California,West,PROD-9702,Furniture,Furnishings,Furnishings Product 36,476.74,9,0.1,26.37,2022,3,Mar,0,0.0553,3861.59,Moderate Profit,Express
ORD-00037,2022-03-20,2022-03-25,Same Day,CUST-0048,Tom Hanks,Corporate,United States,Minneapolis,Minnesota,Central,PROD-5050,Technology,Copiers,Copiers Product 41,1845.7,9,0.1,469.35,2022,3,Mar,5,0.2543,14950.17,High Profit,Slow
ORD-00038,2022-03-09,2022-03-13,First Class,CUST-0018,Pamela Anderson,Home Office,United States,Dallas,Texas,South,PROD-2320,Office Supplies,Appliances,Appliances Product 9,315.24,5,0.1,19.63,2022,3,Mar,4,0.0623,1418.58,Moderate Profit,Standard
ORD-00039,2022-03-05,2022-03-07,Second Class,CUST-0027,Yara Greyjoy,Corporate,United States,Atlanta,Georgia,South,PROD-7381,Furniture,Furnishings,Furnishings Product 50,1403.2,4,0.0,244.8,2022,3,Mar,2,0.1745,5612.8,Moderate Profit,Express
ORD-00040,2022-03-19,2022-03-24,Same Day,CUST-0049,Ursula Burns,Home Office,United States,Miami,Florida,South,PROD-9947,Office Supplies,Binders,Binders Product 39,429.08,10,0.1,70.42,2022,3,Mar,5,0.1641,3861.72,Moderate Profit,Slow
ORD-00041,2022-03-08,2022-03-11,Standard Class,CUST-0030,Betty White,Corporate,United States,Minneapolis,Minnesota,Central,PROD-1444,Technology,Computers,Computers Product 6,833.35,8,0.0,138.88,2022,3,Mar,3,0.1667,6666.8,Moderate Profit,Standard
ORD-00042,2022-03-21,2022-03-25,First Class,CUST-0030,Betty White,Corporate,United States,Dallas,Texas,South,PROD-5558,Technology,Computers,Computers Product 49,2603.22,3,0.0,333.33,2022,3,Mar,4,0.128,7809.66,Moderate Profit,Standard
ORD-00043,2022-03-27,2022-03-28,Standard Class,CUST-0015,Mike Tyson,Home Office,United States,Chicago,Illinois,East,PROD-1659,Technology,Accessories,Accessories Product 49,2508.03,8,0.0,688.97,2022,3,Mar,1,0.2747,20064.24,High Profit,Express
ORD-00044,2022-03-01,2022-03-04,Same Day,CUST-0037,Iris West,Home Office,United States,Chicago,Illinois,Central,PROD-5198,Furniture,Tables,Tables Product 50,1686.5,10,0.0,205.02,2022,3,Mar,3,0.1216,16865.0,Moderate Profit,Standard
ORD-00045,2022-03-12,2022-03-19,Same Day,CUST-0037,Iris West,Corporate,United States,Chicago,Illinois,East,PROD-4249,Furniture,Chairs,Chairs Product 5,1566.69,3,0.0,129.14,2022,3,Mar,7,0.0824,4700.07,Moderate Profit,Slow
ORD-00046,2022-03-19,2022-03-25,Same Day,CUST-0023,Uma Thurman,Home Office,United States,New York,New York,East,PROD-7071,Office Supplies,Paper,Paper Product 5,55.44,5,0.4,5.66,2022,3,Mar,6,0.1021,166.32,Moderate Profit,Slow
ORD-00047,2022-03-17,2022-03-22,Second Class,CUST-0041,Mary Poppins,Corporate,United States,Kansas City,Missouri,Central,PROD-3885,Office Supplies,Storage,Storage Product 47,11.26,7,0.4,0.89,2022,3,Mar,5,0.079,47.29,Moderate Profit,Slow
ORD-00048,2022-03-17,2022-03-20,Standard Class,CUST-0021,Unknown,Corporate,United States,Kansas City,Missouri,Central,PROD-8385,Office Supplies,Storage,Storage Product 16,309.88,9,0.4,24.18,2022,3,Mar,3,0.078,1673.35,Moderate Profit,Standard
ORD-00049,2022-03-25,2022-03-28,First Class,CUST-0023,Uma Thurman,Corporate,United States,Minneapolis,Minnesota,Central,PROD-5526,Technology,Copiers,Copiers Product 36,1022.46,8,0.4,60.33,2022,3,Mar,3,0.059,4907.81,Moderate Profit,Standard
ORD-00050,2022-04-17,2022-04-24,Same Day,CUST-0042,Neil Young,Corporate,United States,Phoenix,Arizona,West,PROD-1282,Furniture,Chairs,Chairs Product 6,520.64,7,0.1,95.83,2022,4,Apr,7,0.1841,3280.03,Moderate Profit,Slow
ORD-00051,2022-04-10,2022-04-17,First Class,CUST-0028,Zara Phillips,Corporate,United States,Kansas City,Missouri,Central,PROD-8434,Furniture,Furnishings,Furnishings Product 18,1398.98,5,0.3,172.71,2022,4,Apr,7,0.1235,4896.43,Moderate Profit,Slow
ORD-00052,2022-04-10,2022-04-17,Same Day,CUST-0014,Laura Palmer,Corporate,United States,Seattle,Washington,West,PROD-9595,Technology,Computers,Computers Product 39,379.55,4,0.0,32.59,2022,4,Apr,7,0.0859,1518.2,Moderate Profit,Slow
ORD-00053,2022-04-10,2022-04-12,First Class,CUST-0003,Bob Johnson,Home Office,United States,Denver,Colorado,West,PROD-3068,Furniture,Tables,Tables Product 41,627.68,6,0.0,88.3,2022,4,Apr,2,0.1407,3766.08,Moderate Profit,Express
ORD-00054,2022-04-28,2022-04-28,First Class,CUST-0012,Julia Roberts,Corporate,United States,Kansas City,Missouri,Central,PROD-2869,Technology,Phones,Phones Product 5,2620.7,10,0.0,500.08,2022,4,Apr,0,0.1908,26207.0,Moderate Profit,Express
ORD-00055,2022-04-13,2022-04-15,Same Day,CUST-0016,Nancy Drew,Home Office,United States,Houston,Texas,South,PROD-4697,Technology,Phones,Phones Product 50,1739.52,1,0.0,164.84,2022,4,Apr,2,0.0948,1739.52,Moderate Profit,Express
ORD-00056,2022-04-17,2022-04-23,Standard Class,CUST-0037,Iris West,Home Office,United States,Kansas City,Missouri,Central,PROD-2625,Technology,Copiers,Copiers Product 49,2727.34,5,0.4,247.16,2022,4,Apr,6,0.0906,8182.02,Moderate Profit,Slow
ORD-00057,2022-04-07,2022-04-12,Same Day,CUST-0001,John Smith,Home Office,United States,Los Angeles,California,East,PROD-8699,Office Supplies,Paper,Paper Product 19,136.0,2,0.0,16.59,2022,4,Apr,5,0.122,272.0,Moderate Profit,Slow
ORD-00058,2022-05-08,2022-05-10,Second Class,CUST-0028,Zara Phillips,Home Office,United States,Dallas,Texas,South,PROD-3441,Technology,Accessories,Accessories Product 18,2114.9,8,0.0,541.87,2022,5,May,2,0.2562,16919.2,High Profit,Express
ORD-00059,2022-05-27,2022-05-28,First Class,CUST-0008,Fiona Apple,Home Office,United States,Atlanta,Georgia,South,PROD-7594,Furniture,Chairs,Chairs Product 18,166.29,5,0.0,31.97,2022,5,May,1,0.1923,831.45,Moderate Profit,Express
ORD-00060,2022-05-17,2022-05-19,Second Class,CUST-0002,Jane Doe,Home Office,United States,Miami,Florida,South,PROD-1339,Office Supplies,Appliances,Appliances Product 49,221.69,10,0.0,70.24,2022,5,May,2,0.3168,2216.9,High Profit,Express
ORD-00061,2022-05-22,2022-05-28,Same Day,CUST-0012,Julia Roberts,Home Office,United States,Kansas City,Missouri,Central,PROD-9056,Technology,Phones,Phones Product 6,2294.06,3,0.1,401.08,2022,5,May,6,0.1748,6193.96,Moderate Profit,Slow
ORD-00062,2022-05-16,2022-05-23,Same Day,CUST-0019,Quincy Jones,Home Office,United States,Indianapolis,Indiana,Central,PROD-1601,Technology,Copiers,Copiers Product 30,1013.26,2,0.4,39.82,2022,5,May,7,0.0393,1215.91,Low Profit,Slow
ORD-00063,2022-05-03,2022-05-05,Second Class,CUST-0027,Yara Greyjoy,Home Office,United States,Philadelphia,Pennsylvania,East,PROD-6927,Technology,Accessories,Accessories Product 40,983.36,7,0.4,80.39,2022,5,May,2,0.0818,4130.11,Moderate Profit,Express
ORD-00064,2022-05-25,2022-05-28,Standard Class,CUST-0045,Queen Latifah,Consumer,United States,Atlanta,Georgia,South,PROD-4920,Technology,Copiers,Copiers Product 46,2284.77,4,0.0,490.69,2022,5,May,3,0.2148,9139.08,High Profit,Standard
ORD-00065,2022-05-06,2022-05-13,Second Class,CUST-0008,Fiona Apple,Corporate,United States,Philadelphia,Pennsylvania,East,PROD-5781,Technology,Phones,Phones Product 33,1665.71,2,0.0,579.13,2022,5,May,7,0.3477,3331.42,High Profit,Slow
ORD-00066,2022-06-14,2022-06-19,First Class,CUST-0018,Pamela Anderson,Home Office,United States,San Francisco,California,West,PROD-5377,Technology,Copiers,Copiers Product 1,746.32,9,0.0,123.2,2022,6,Jun,5,0.1651,6716.88,Moderate Profit,Slow
ORD-00067,2022-06-10,2022-06-15,First Class,CUST-0035,Grace Kelly,Corporate,United States,Phoenix,Arizona,West,PROD-9903,Office Supplies,Storage,Storage Product 25,221.69,10,0.0,45.43,2022,6,Jun,5,0.2049,2216.9,High Profit,Slow
ORD-00068,2022-06-15,2022-06-22,Same Day,CUST-0021,Steve Rogers,Home Office,United States,Chicago,Illinois,Central,PROD-7246,Technology,Computers,Computers Product 25,1551.18,4,0.2,339.66,2022,6,Jun,7,0.219,4963.78,High Profit,Slow
ORD-00069,2022-06-22,2022-06-24,Same Day,CUST-0029,Aaron Paul,Consumer,United States,Houston,Texas,South,PROD-3361,Office Supplies,Paper,Paper Product 27,250.19,1,0.0,50.21,2022,6,Jun,2,0.2007,250.19,High Profit,Express
ORD-00070,2022-06-28,2022-06-28,Same Day,CUST-0022,Tina Turner,Corporate,United States,Chicago,Illinois,Central,PROD-8994,Office Supplies,Paper,Paper Product 35,42.04,5,0.0,9.96,2022,6,Jun,0,0.2369,210.2,High Profit,Express
ORD-00071,2022-06-02,2022-06-09,Standard Class,CUST-0049,Ursula Burns,Corporate,United States,Chicago,Illinois,Central,PROD-3725,Office Supplies,Binders,Binders Product 45,121.21,5,0.0,33.22,2022,6,Jun,7,0.2741,606.05,High Profit,Slow
ORD-00072,2022-06-10,2022-06-16,Same Day,CUST-0016,Nancy Drew,Home Office,United States,Minneapolis,Minnesota,Central,PROD-3950,Furniture,Chairs,Chairs Product 11,682.53,1,0.0,107.53,2022,6,Jun,6,0.1575,682.53,Moderate Profit,Slow
ORD-00073,2022-06-06,2022-06-13,First Class,CUST-0030,Betty White,Corporate,United States,Seattle,Washington,West,PROD-5183,Furniture,Furnishings,Furnishings Product 43,1258.44,4,0.1,346.41,2022,6,Jun,7,0.2753,4530.38,High Profit,Slow
ORD-00074,2022-06-01,2022-06-06,First Class,CUST-0041,Mary Poppins,Corporate,United States,Miami,Florida,South,PROD-5949,Technology,Accessories,Accessories Product 13,2039.28,3,0.0,372.21,2022,6,Jun,5,0.1825,6117.84,Moderate Profit,Slow
ORD-00075,2022-06-13,2022-06-18,First Class,CUST-0043,Olivia Newton,Consumer,United States,Houston,Texas,South,PROD-1803,Technology,Phones,Phones Product 39,726.87,10,0.0,161.69,2022,6,Jun,5,0.2224,7268.7,High Profit,Slow
ORD-00076,2022-06-24,2022-06-28,Second Class,CUST-0040,Liam Neeson,Home Office,United States,Seattle,Washington,West,PROD-2591,Technology,Accessories,Accessories Product 41,2331.71,4,0.2,474.28,2022,6,Jun,4,0.2034,7461.47,High Profit,Standard
ORD-00077,2022-06-21,2022-06-25,Same Day,CUST-0019,Quincy Jones,Consumer,United States,San Francisco,California,West,PROD-4289,Furniture,Bookcases,Bookcases Product 9,1587.79,1,0.2,177.23,2022,6,Jun,4,0.1116,1270.23,Moderate Profit,Standard
ORD-00078,2022-07-12,2022-07-16,Standard Class,CUST-0048,Tom Hanks,Corporate,United States,Kansas City,Missouri,Central,PROD-2233,Office Supplies,Art,Art Product 10,457.18,3,0.0,148.22,2022,7,Jul,4,0.3242,1371.54,High Profit,Standard
ORD-00079,2022-07-25,2022-07-28,Standard Class,CUST-0017,Oscar Wilde,Corporate,United States,Chicago,Illinois,Central,PROD-7038,Furniture,Furnishings,Furnishings Product 44,1936.18,9,0.0,118.16,2022,7,Jul,3,0.061,17425.62,Moderate Profit,Standard
ORD-00080,2022-07-24,2022-07-28,First Class,CUST-0040,Liam Neeson,Home Office,United States,Chicago,Illinois,Central,PROD-4626,Office Supplies,Storage,Storage Product 42,294.36,6,0.0,74.31,2022,7,Jul,4,0.2524,1766.16,High Profit,Standard
ORD-00081,2022-07-03,2022-07-07,Same Day,CUST-0003,Bob Johnson,Consumer,United States,San Francisco,California,West,PROD-2592,Office Supplies,Appliances,Appliances Product 16,455.15,5,0.3,43.18,2022,7,Jul,4,0.0949,1593.02,Moderate Profit,Standard
ORD-00082,2022-07-18,2022-07-20,Same Day,CUST-0042,Neil Young,Home Office,United States,Phoenix,Arizona,West,PROD-7686,Furniture,Furnishings,Furnishings Product 18,934.61,9,0.1,179.7,2022,7,Jul,2,0.1923,7570.34,Moderate Profit,Express
ORD-00083,2022-07-02,2022-07-09,First Class,CUST-0035,Grace Kelly,Consumer,United States,Chicago,Illinois,East,PROD-7523,Office Supplies,Storage,Storage Product 18,112.55,8,0.0,34.51,2022,7,Jul,7,0.3066,900.4,High Profit,Slow
ORD-00084,2022-07-07,2022-07-10,Second Class,CUST-0022,Tina Turner,Home Office,United States,New York,New York,East,PROD-4362,Furniture,Furnishings,Furnishings Product 5,228.76,4,0.3,30.43,2022,7,Jul,3,0.133,640.53,Moderate Profit,Standard
ORD-00085,2022-07-27,2022-07-28,First Class,CUST-0010,Helen Troy,Consumer,United States,Chicago,Illinois,East,PROD-2801,Office Supplies,Paper,Paper Product 43,295.26,4,0.0,83.36,2022,7,Jul,1,0.2823,1181.04,High Profit,Express
ORD-00086,2022-07-28,2022-07-28,Same Day,CUST-0004,Alice Brown,Home Office,United States,Denver,Colorado,West,PROD-2862,Furniture,Tables,Tables Product 48,78.98,4,0.2,8.13,2022,7,Jul,0,0.1029,252.74,Moderate Profit,Express
ORD-00087,2022-07-03,2022-07-10,First Class,CUST-0047,Sandra Bullock,Corporate,United States,San Francisco,California,West,PROD-1510,Technology,Copiers,Copiers Product 4,2338.49,9,0.2,135.4,2022,7,Jul,7,0.0579,16837.13,Moderate Profit,Slow
ORD-00088,2022-07-16,2022-07-22,Second Class,CUST-0021,Steve Rogers,Consumer,United States,New York,New York,East,PROD-3067,Technology,Copiers,Copiers Product 18,2064.57,8,0.3,366.67,2022,7,Jul,6,0.1776,11561.59,Moderate Profit,Slow
ORD-00089,2022-07-20,2022-07-26,Same Day,CUST-0033,Elvis Presley,Consumer,United States,Atlanta,Georgia,South,PROD-2874,Office Supplies,Art,Art Product 42,276.44,6,0.1,81.86,2022,7,Jul,6,0.2961,1492.78,High Profit,Slow
ORD-00090,2022-07-21,2022-07-28,Standard Class,CUST-0027,Yara Greyjoy,Corporate,United States,Indianapolis,Indiana,Central,PROD-7992,Office Supplies,Paper,Paper Product 21,217.88,4,0.1,28.09,2022,7,Jul,7,0.1289,784.37,Moderate Profit,Slow
ORD-00091,2022-07-22,2022-07-24,First Class,CUST-0028,Zara Phillips,Consumer,United States,New York,New York,East,PROD-1982,Technology,Accessories,Accessories Product 38,2861.71,8,0.0,198.34,2022,7,Jul,2,0.0693,22893.68,Moderate Profit,Express
ORD-00092,2022-07-18,2022-07-24,First Class,CUST-0019,Quincy Jones,Corporate,United States,Chicago,Illinois,Central,PROD-2697,Office Supplies,Storage,Storage Product 37,336.66,7,0.0,105.07,2022,7,Jul,6,0.3121,2356.62,High Profit,Slow
ORD-00093,2022-07-17,2022-07-21,Second Class,CUST-0049,Ursula Burns,Corporate,United States,Houston,Texas,South,PROD-1430,Furniture,Tables,Tables Product 39,1330.64,4,0.4,43.89,2022,7,Jul,4,0.033,3193.54,Low Profit,Standard
ORD-00094,2022-08-27,2022-08-28,First Class,CUST-0001,Unknown,Home Office,United States,Miami,Florida,South,PROD-7566,Office Supplies,Storage,Storage Product 5,19.33,5,0.3,2.96,2022,8,Aug,1,0.1531,67.65,Moderate Profit,Express
ORD-00095,2022-08-05,2022-08-09,First Class,CUST-0011,Ivan Drago,Home Office,United States,Kansas City,Missouri,Central,PROD-6314,Office Supplies,Binders,Binders Product 50,50.42,9,0.0,8.21,2022,8,Aug,4,0.1628,453.78,Moderate Profit,Standard
ORD-00096,2022-08-19,2022-08-24,Same Day,CUST-0018,Pamela Anderson,Corporate,United States,New York,New York,East,PROD-8242,Office Supplies,Binders,Binders Product 27,442.25,3,0.0,122.21,2022,8,Aug,5,0.2763,1326.75,High Profit,Slow
ORD-00097,2022-08-09,2022-08-12,Same Day,CUST-0003,Bob Johnson,Home Office,United States,Kansas City,Missouri,Central,PROD-1897,Furniture,Chairs,Chairs Product 1,723.09,2,0.0,183.28,2022,8,Aug,3,0.2535,1446.18,High Profit,Standard
ORD-00098,2022-08-07,2022-08-12,Second Class,CUST-0048,Tom Hanks,Consumer,United States,Philadelphia,Pennsylvania,East,PROD-7229,Technology,Computers,Computers Product 35,2306.7,5,0.0,342.4,2022,8,Aug,5,0.1484,11533.5,Moderate Profit,Slow
ORD-00099,2022-08-23,2022-08-28,Same Day,CUST-0037,Iris West,Home Office,United States,Chicago,Illinois,East,PROD-7843,Furniture,Bookcases,Bookcases Product 19,190.55,1,0.1,9.01,2022,8,Aug,5,0.0473,171.5,Low Profit,Slow
ORD-00100,2022-08-04,2022-08-09,Standard Class,CUST-0006,Diana Prince,Consumer,United States,Kansas City,Missouri,Central,PROD-8138,Technology,Phones,Phones Product 38,2899.28,3,0.4,387.67,2022,8,Aug,5,0.1337,5218.7,Moderate Profit,Slow
ORD-00101,2022-08-13,2022-08-19,First Class,CUST-0005,Charlie Wilson,Home Office,United States,Dallas,Texas,South,PROD-9355,Office Supplies,Binders,Binders Product 13,200.9,5,0.3,16.78,2022,8,Aug,6,0.0835,703.15,Moderate Profit,Slow
ORD-00102,2022-08-25,2022-08-28,Second Class,CUST-0012,Julia Roberts,Home Office,United States,Dallas,Texas,South,PROD-2234,Technology,Accessories,Accessories Product 12,2187.59,3,0.0,176.85,2022,8,Aug,3,0.0808,6562.77,Moderate Profit,Standard
ORD-00103,2022-08-25,2022-08-28,Standard Class,CUST-0010,Helen Troy,Corporate,United States,Miami,Florida,South,PROD-8245,Office Supplies,Appliances,Appliances Product 41,234.66,10,0.4,21.01,2022,8,Aug,3,0.0895,1407.96,Moderate Profit,Standard
ORD-00104,2022-08-10,2022-08-14,Standard Class,CUST-0024,Victor Hugo,Home Office,United States,New York,New York,East,PROD-2479,Technology,Phones,Phones Product 40,1068.79,2,0.0,201.49,2022,8,Aug,4,0.1885,2137.58,Moderate Profit,Standard
ORD-00105,2022-08-20,2022-08-27,Second Class,CUST-0037,Iris West,Corporate,United States,Philadelphia,Pennsylvania,East,PROD-8792,Office Supplies,Appliances,Appliances Product 33,234.04,9,0.4,25.43,2022,8,Aug,7,0.1087,1263.82,Moderate Profit,Slow
ORD-00106,2022-08-05,2022-08-12,Same Day,CUST-0016,Nancy Drew,Corporate,United States,San Francisco,California,West,PROD-9586,Furniture,Furnishings,Furnishings Product 34,251.83,6,0.3,10.43,2022,8,Aug,7,0.0414,1057.69,Low Profit,Slow
ORD-00107,2022-08-20,2022-08-27,First Class,CUST-0041,Mary Poppins,Consumer,United States,Houston,Texas,South,PROD-6401,Furniture,Bookcases,Bookcases Product 7,777.06,5,0.1,114.02,2022,8,Aug,7,0.1467,3496.77,Moderate Profit,Slow
ORD-00108,2022-08-18,2022-08-22,Same Day,CUST-0023,Uma Thurman,Consumer,United States,Los Angeles,California,East,PROD-2388,Office Supplies,Appliances,Appliances Product 20,145.65,10,0.4,5.54,2022,8,Aug,4,0.038,873.9,Low Profit,Standard
ORD-00109,2022-08-18,2022-08-22,First Class,CUST-0002,Jane Doe,Consumer,United States,Kansas City,Missouri,Central,PROD-4509,Technology,Accessories,Accessories Product 22,2443.29,9,0.0,595.69,2022,8,Aug,4,0.2438,21989.61,High Profit,Standard
ORD-00110,2022-08-25,2022-08-28,Second Class,CUST-0043,Olivia Newton,Home Office,United States,New York,New York,East,PROD-7172,Technology,Computers,Computers Product 10,695.1,3,0.0,50.85,2022,8,Aug,3,0.0732,2085.3,Moderate Profit,Standard
ORD-00111,2022-08-06,2022-08-10,Same Day,CUST-0040,Liam Neeson,Consumer,United States,Phoenix,Arizona,West,PROD-9749,Furniture,Tables,Tables Product 16,1456.31,1,0.1,197.18,2022,8,Aug,4,0.1354,1310.68,Moderate Profit,Standard
ORD-00112,2022-09-26,2022-09-28,Same Day,CUST-0033,Elvis Presley,Consumer,United States,Atlanta,Georgia,South,PROD-4271,Technology,Computers,Computers Product 39,1116.17,10,0.1,178.84,2022,9,Sep,2,0.1602,10045.53,Moderate Profit,Express
ORD-00113,2022-09-05,2022-09-08,First Class,CUST-0006,Diana Prince,Corporate,United States,Chicago,Illinois,East,PROD-9410,Technology,Phones,Phones Product 10,1930.71,6,0.2,446.38,2022,9,Sep,3,0.2312,9267.41,High Profit,Standard
ORD-00114,2022-09-27,2022-09-28,Same Day,CUST-0027,Yara Greyjoy,Home Office,United States,Houston,Texas,South,PROD-7126,Technology,Phones,Phones Product 16,2840.31,4,0.4,210.57,2022,9,Sep,1,0.0741,6816.74,Moderate Profit,Express
ORD-00115,2022-09-13,2022-09-15,First Class,CUST-0009,George Lucas,Corporate,United States,Dallas,Texas,South,PROD-3273,Furniture,Bookcases,Bookcases Product 49,487.85,6,0.0,147.21,2022,9,Sep,2,0.3018,2927.1,High Profit,Express
ORD-00116,2022-09-23,2022-09-27,Second Class,CUST-0008,Fiona Apple,Corporate,United States,Phoenix,Arizona,West,PROD-2996,Technology,Copiers,Copiers Product 4,1853.74,2,0.0,235.01,2022,9,Sep,4,0.1268,3707.48,Moderate Profit,Standard
ORD-00117,2022-09-08,2022-09-13,Standard Class,CUST-0019,Quincy Jones,Home Office,United States,Seattle,Washington,West,PROD-6780,Technology,Copiers,Copiers Product 16,207.17,8,0.2,30.57,2022,9,Sep,5,0.1476,1325.89,Moderate Profit,Slow
ORD-00118,2022-09-19,2022-09-24,Standard Class,CUST-0025,Wendy Williams,Home Office,United States,New York,New York,East,PROD-7338,Technology,Computers,Computers Product 24,1999.83,2,0.2,479.31,2022,9,Sep,5,0.2397,3199.73,High Profit,Slow
ORD-00119,2022-09-09,2022-09-11,First Class,CUST-0009,George Lucas,Home Office,United States,Chicago,Illinois,East,PROD-6546,Office Supplies,Binders,Binders Product 42,181.76,2,0.0,22.24,2022,9,Sep,2,0.1224,363.52,Moderate Profit,Express
ORD-00120,2022-09-06,2022-09-11,Standard Class,CUST-0046,Robin Hood,Corporate,United States,San Francisco,California,West,PROD-4302,Office Supplies,Appliances,Appliances Product 3,490.51,8,0.3,28.24,2022,9,Sep,5,0.0576,2746.86,Moderate Profit,Slow
ORD-00121,2022-09-26,2022-09-28,Second Class,CUST-0003,Bob Johnson,Corporate,United States,Kansas City,Missouri,Central,PROD-6848,Furniture,Chairs,Chairs Product 50,665.41,5,0.2,78.94,2022,9,Sep,2,0.1186,2661.64,Moderate Profit,Express
ORD-00122,2022-09-02,2022-09-05,Same Day,CUST-0022,Tina Turner,Home Office,United States,Indianapolis,Indiana,Central,PROD-9151,Office Supplies,Storage,Storage Product 24,140.24,6,0.1,37.77,2022,9,Sep,3,0.2693,757.3,High Profit,Standard
ORD-00123,2022-09-26,2022-09-28,Standard Class,CUST-0021,Steve Rogers,Corporate,United States,Denver,Colorado,West,PROD-5843,Office Supplies,Storage,Storage Product 20,401.57,7,0.0,71.95,2022,9,Sep,2,0.1792,2810.99,Moderate Profit,Express
ORD-00124,2022-10-20,2022-10-27,Standard Class,CUST-0018,Pamela Anderson,Consumer,United States,Atlanta,Georgia,South,PROD-7655,Office Supplies,Appliances,Appliances Product 24,87.49,8,0.0,16.11,2022,10,Oct,7,0.1841,699.92,Moderate Profit,Slow
ORD-00125,2022-10-17,2022-10-19,Second Class,CUST-0009,George Lucas,Home Office,United States,Chicago,Illinois,Central,PROD-7001,Office Supplies,Paper,Paper Product 24,476.63,3,0.4,44.28,2022,10,Oct,2,0.0929,857.93,Moderate Profit,Express
ORD-00126,2022-10-13,2022-10-17,Same Day,CUST-0034,Frank Sinatra,Corporate,United States,Los Angeles,California,East,PROD-5566,Office Supplies,Binders,Binders Product 16,304.52,8,0.0,49.21,2022,10,Oct,4,0.1616,2436.16,Moderate Profit,Standard
ORD-00127,2022-10-04,2022-10-10,First Class,CUST-0014,Laura Palmer,Home Office,United States,Atlanta,Georgia,South,PROD-9047,Furniture,Tables,Tables Product 13,1023.14,7,0.2,61.11,2022,10,Oct,6,0.0597,5729.58,Moderate Profit,Slow
ORD-00128,2022-10-04,2022-10-06,First Class,CUST-0046,Robin Hood,Corporate,United States,Miami,Florida,South,PROD-3580,Furniture,Chairs,Chairs Product 46,931.48,8,0.0,273.07,2022,10,Oct,2,0.2932,7451.84,High Profit,Express
ORD-00129,2022-10-23,2022-10-28,Standard Class,CUST-0016,Nancy Drew,Corporate,United States,Seattle,Washington,West,PROD-7044,Office Supplies,Paper,Paper Product 30,397.88,9,0.0,34.38,2022,10,Oct,5,0.0864,3580.92,Moderate Profit,Slow
ORD-00130,2022-10-26,2022-10-28,Standard Class,CUST-0050,Vincent Vega,Consumer,United States,Indianapolis,Indiana,Central,PROD-6194,Office Supplies,Paper,Paper Product 42,307.91,2,0.0,43.97,2022,10,Oct,2,0.1428,615.82,Moderate Profit,Express
ORD-00131,2022-10-03,2022-10-09,Standard Class,CUST-0028,Zara Phillips,Consumer,United States,Seattle,Washington,West,PROD-9488,Technology,Copiers,Copiers Product 10,2046.72,6,0.0,641.42,2022,10,Oct,6,0.3134,12280.32,High Profit,Slow
ORD-00132,2022-10-10,2022-10-13,First Class,CUST-0017,Oscar Wilde,Consumer,United States,Houston,Texas,South,PROD-5961,Furniture,Tables,Tables Product 40,679.19,4,0.0,227.02,2022,10,Oct,3,0.3343,2716.76,High Profit,Standard
ORD-00133,2022-10-18,2022-10-20,Standard Class,CUST-0002,Jane Doe,Home Office,United States,Houston,Texas,South,PROD-5336,Furniture,Tables,Tables Product 42,1204.03,10,0.0,122.04,2022,10,Oct,2,0.1014,12040.3,Moderate Profit,Express
ORD-00134,2022-10-07,2022-10-10,Same Day,CUST-0031,Carl Sagan,Corporate,United States,Miami,Florida,South,PROD-8430,Office Supplies,Appliances,Appliances Product 5,310.96,1,0.1,83.71,2022,10,Oct,3,0.2692,279.86,High Profit,Standard
ORD-00135,2022-10-23,2022-10-27,First Class,CUST-0046,Robin Hood,Corporate,United States,Denver,Colorado,West,PROD-3142,Furniture,Tables,Tables Product 49,907.23,8,0.1,85.76,2022,10,Oct,4,0.0945,6532.06,Moderate Profit,Standard
ORD-00136,2022-10-12,2022-10-14,Standard Class,CUST-0010,Helen Troy,Corporate,United States,Minneapolis,Minnesota,Central,PROD-7293,Office Supplies,Art,Art Product 40,57.56,4,0.1,799.73,2022,10,Oct,2,13.8938,207.22,High Profit,Express
ORD-00137,2022-10-14,2022-10-19,Same Day,CUST-0033,Elvis Presley,Corporate,United States,Phoenix,Arizona,West,PROD-9148,Furniture,Tables,Tables Product 2,1636.28,10,0.3,129.43,2022,10,Oct,5,0.0791,11453.96,Moderate Profit,Slow
ORD-00138,2022-10-03,2022-10-09,Same Day,CUST-0032,Donna Summer,Corporate,United States,Chicago,Illinois,East,PROD-9793,Technology,Copiers,Copiers Product 1,2900.73,4,0.2,316.49,2022,10,Oct,6,0.1091,9282.34,Moderate Profit,Slow
ORD-00139,2022-11-14,2022-11-20,First Class,CUST-0024,Victor Hugo,Consumer,United States,Los Angeles,California,East,PROD-7329,Furniture,Bookcases,Bookcases Product 33,1468.64,7,0.0,93.37,2022,11,Nov,6,0.0636,10280.48,Moderate Profit,Slow
ORD-00140,2022-11-15,2022-11-19,First Class,CUST-0026,Xavier Woods,Home Office,United States,San Francisco,California,West,PROD-6990,Office Supplies,Storage,Storage Product 49,221.69,10,0.3,53.07,2022,11,Nov,4,0.2394,1551.83,High Profit,Standard
ORD-00141,2022-11-05,2022-11-10,Second Class,CUST-0034,Frank Sinatra,Home Office,United States,Atlanta,Georgia,South,PROD-9446,Furniture,Furnishings,Furnishings Product 9,1025.15,1,0.0,93.4,2022,11,Nov,5,0.0911,1025.15,Moderate Profit,Slow
ORD-00142,2022-11-11,2022-11-17,First Class,CUST-0046,Robin Hood,Corporate,United States,Atlanta,Georgia,South,PROD-1272,Office Supplies,Storage,Storage Product 24,85.44,10,0.3,14.23,2022,11,Nov,6,0.1665,598.08,Moderate Profit,Slow
ORD-00143,2022-11-11,2022-11-18,Second Class,CUST-0017,Oscar Wilde,Home Office,United States,Philadelphia,Pennsylvania,East,PROD-1841,Office Supplies,Binders,Binders Product 38,490.05,10,0.0,141.64,2022,11,Nov,7,0.289,4900.5,High Profit,Slow
ORD-00144,2022-11-16,2022-11-21,First Class,CUST-0002,Jane Doe,Corporate,United States,Los Angeles,California,East,PROD-3481,Furniture,Furnishings,Furnishings Product 27,338.16,4,0.0,74.99,2022,11,Nov,5,0.2218,1352.64,High Profit,Slow
ORD-00145,2022-11-23,2022-11-26,First Class,CUST-0034,Frank Sinatra,Home Office,United States,Los Angeles,California,East,PROD-8837,Furniture,Furnishings,Furnishings Product 34,1028.55,10,0.1,272.64,2022,11,Nov,3,0.2651,9256.95,High Profit,Standard
ORD-00146,2022-11-13,2022-11-16,First Class,CUST-0013,Kevin Hart,Home Office,United States,Atlanta,Georgia,South,PROD-5890,Technology,Computers,Computers Product 15,1389.8,9,0.0,297.25,2022,11,Nov,3,0.2139,12508.2,High Profit,Standard
ORD-00147,2022-11-10,2022-11-16,Same Day,CUST-0008,Fiona Apple,Corporate,United States,Miami,Florida,South,PROD-6654,Technology,Computers,Computers Product 50,2076.91,8,0.0,402.8,2022,11,Nov,6,0.1939,16615.28,Moderate Profit,Slow
ORD-00148,2022-12-10,2022-12-13,First Class,CUST-0014,Laura Palmer,Home Office,United States,Atlanta,Georgia,South,PROD-5450,Furniture,Bookcases,Bookcases Product 9,1912.86,2,0.0,625.89,2022,12,Dec,3,0.3272,3825.72,High Profit,Standard
ORD-00149,2022-12-04,2022-12-06,Same Day,CUST-0004,Alice Brown,Corporate,United States,Seattle,Washington,West,PROD-8739,Office Supplies,Art,Art Product 7,123.44,1,0.3,21.83,2022,12,Dec,2,0.1768,86.41,Moderate Profit,Express
ORD-00150,2022-12-22,2022-12-25,First Class,CUST-0042,Neil Young,Corporate,United States,Indianapolis,Indiana,Central,PROD-5676,Furniture,Chairs,Chairs Product 42,1930.81,3,0.1,403.52,2022,12,Dec,3,0.209,5213.19,High Profit,Standard
ORD-00151,2022-12-02,2022-12-07,Second Class,CUST-0026,Xavier Woods,Home Office,United States,San Francisco,California,West,PROD-5742,Furniture,Tables,Tables Product 3,1093.55,1,0.0,191.77,2022,12,Dec,5,0.1754,1093.55,Moderate Profit,Slow
ORD-00152,2022-12-01,2022-12-06,First Class,CUST-0033,Unknown,Consumer,United States,Minneapolis,Minnesota,Central,PROD-2845,Technology,Phones,Phones Product 22,2786.8,6,0.0,519.19,2022,12,Dec,5,0.1863,16720.8,Moderate Profit,Slow
ORD-00153,2022-12-06,2022-12-12,Same Day,CUST-0012,Julia Roberts,Corporate,United States,Dallas,Texas,South,PROD-9442,Office Supplies,Appliances,Appliances Product 21,325.9,3,0.0,88.31,2022,12,Dec,6,0.271,977.7,High Profit,Slow
ORD-00154,2022-12-03,2022-12-08,Second Class,CUST-0017,Oscar Wilde,Corporate,United States,San Francisco,California,West,PROD-5374,Technology,Phones,Phones Product 22,570.65,3,0.1,71.34,2022,12,Dec,5,0.125,1540.76,Moderate Profit,Slow
ORD-00155,2022-12-10,2022-12-13,Same Day,CUST-0020,Rachel Green,Home Office,United States,Philadelphia,Pennsylvania,East,PROD-9233,Office Supplies,Art,Art Product 46,10.66,6,0.3,32.21,2022,12,Dec,3,3.0216,44.77,High Profit,Standard
ORD-00156,2022-12-25,2022-12-28,Same Day,CUST-0031,Carl Sagan,Home Office,United States,Seattle,Washington,West,PROD-7121,Technology,Phones,Phones Product 27,1923.36,5,0.0,450.81,2022,12,Dec,3,0.2344,9616.8,High Profit,Standard
ORD-00157,2022-12-23,2022-12-28,First Class,CUST-0034,Frank Sinatra,Consumer,United States,Philadelphia,Pennsylvania,East,PROD-2838,Office Supplies,Appliances,Appliances Product 4,379.89,4,0.4,18.88,2022,12,Dec,5,0.0497,911.74,Low Profit,Slow
ORD-00158,2023-01-17,2023-01-23,Same Day,CUST-0006,Diana Prince,Consumer,United States,Phoenix,Arizona,West,PROD-8429,Furniture,Tables,Tables Product 9,370.85,9,0.1,26.75,2023,1,Jan,6,0.0721,3003.88,Moderate Profit,Slow
ORD-00159,2023-01-17,2023-01-21,Standard Class,CUST-0026,Xavier Woods,Home Office,United States,Houston,Texas,South,PROD-4570,Technology,Copiers,Copiers Product 38,1700.46,9,0.1,363.99,2023,1,Jan,4,0.2141,13773.73,High Profit,Standard
ORD-00160,2023-01-03,2023-01-07,Same Day,CUST-0003,Bob Johnson,Consumer,United States,Philadelphia,Pennsylvania,East,PROD-3218,Furniture,Furnishings,Furnishings Product 50,721.83,2,0.2,175.96,2023,1,Jan,4,0.2438,1154.93,High Profit,Standard
ORD-00161,2023-01-21,2023-01-28,Second Class,CUST-0006,Diana Prince,Home Office,United States,Indianapolis,Indiana,Central,PROD-6697,Office Supplies,Appliances,Appliances Product 8,190.36,7,0.1,50.3,2023,1,Jan,7,0.2642,1199.27,High Profit,Slow
ORD-00162,2023-01-06,2023-01-13,Same Day,CUST-0030,Betty White,Home Office,United States,Chicago,Illinois,East,PROD-7214,Office Supplies,Appliances,Appliances Product 15,266.78,4,0.4,5.45,2023,1,Jan,7,0.0204,640.27,Low Profit,Slow
ORD-00163,2023-01-08,2023-01-10,Second Class,CUST-0040,Liam Neeson,Consumer,United States,Philadelphia,Pennsylvania,East,PROD-2102,Technology,Accessories,Accessories Product 7,482.26,4,0.3,74.17,2023,1,Jan,2,0.1538,1350.33,Moderate Profit,Express
ORD-00164,2023-01-20,2023-01-26,Second Class,CUST-0015,Mike Tyson,Consumer,United States,Indianapolis,Indiana,Central,PROD-3295,Furniture,Furnishings,Furnishings Product 33,1215.68,1,0.0,330.86,2023,1,Jan,6,0.2722,1215.68,High Profit,Slow
ORD-00165,2023-01-10,2023-01-14,First Class,CUST-0027,Yara Greyjoy,Consumer,United States,Seattle,Washington,West,PROD-3869,Furniture,Bookcases,Bookcases Product 41,1176.08,6,0.0,165.27,2023,1,Jan,4,0.1405,7056.48,Moderate Profit,Standard
ORD-00166,2023-01-22,2023-01-25,First Class,CUST-0027,Yara Greyjoy,Corporate,United States,Atlanta,Georgia,South,PROD-4012,Technology,Copiers,Copiers Product 49,159.71,6,0.3,22.08,2023,1,Jan,3,0.1383,670.78,Moderate Profit,Standard
ORD-00167,2023-01-18,2023-01-23,Same Day,CUST-0036,Harry Styles,Home Office,United States,Chicago,Illinois,Central,PROD-9683,Technology,Computers,Computers Product 9,2551.04,5,0.4,267.63,2023,1,Jan,5,0.1049,7653.12,Moderate Profit,Slow
ORD-00168,2023-01-13,2023-01-17,Same Day,CUST-0004,Alice Brown,Home Office,United States,Los Angeles,California,East,PROD-1647,Furniture,Bookcases,Bookcases Product 5,446.51,2,0.1,115.43,2023,1,Jan,4,0.2585,803.72,High Profit,Standard
ORD-00169,2023-01-07,2023-01-10,Standard Class,CUST-0014,Laura Palmer,Home Office,United States,Houston,Texas,South,PROD-8846,Office Supplies,Art,Art Product 16,112.42,4,0.4,14.48,2023,1,Jan,3,0.1288,269.81,Moderate Profit,Standard
ORD-00170,2023-01-23,2023-01-28,First Class,CUST-0030,Betty White,Corporate,United States,Atlanta,Georgia,South,PROD-5285,Office Supplies,Paper,Paper Product 24,201.33,4,0.2,20.64,2023,1,Jan,5,0.1025,644.26,Moderate Profit,Slow
ORD-00171,2023-01-17,2023-01-22,Standard Class,CUST-0021,Steve Rogers,Home Office,United States,Denver,Colorado,West,PROD-4625,Technology,Copiers,Copiers Product 48,313.85,8,0.4,37.9,2023,1,Jan,5,0.1208,1506.48,Moderate Profit,Slow
ORD-00172,2023-01-05,2023-01-09,Second Class,CUST-0013,Kevin Hart,Corporate,United States,Dallas,Texas,South,PROD-5026,Furniture,Bookcases,Bookcases Product 32,944.23,10,0.2,210.22,2023,1,Jan,4,0.2226,7553.84,High Profit,Standard
ORD-00173,2023-01-18,2023-01-25,First Class,CUST-0011,Ivan Drago,Consumer,United States,Indianapolis,Indiana,Central,PROD-3293,Office Supplies,Storage,Storage Product 47,132.38,8,0.3,17.66,2023,1,Jan,7,0.1334,741.33,Moderate Profit,Slow
ORD-00174,2023-02-16,2023-02-23,Second Class,CUST-0009,George Lucas,Consumer,United States,Philadelphia,Pennsylvania,East,PROD-3474,Furniture,Chairs,Chairs Product 1,1071.69,2,0.4,107.37,2023,2,Feb,7,0.1002,1286.03,Moderate Profit,Slow
ORD-00175,2023-02-07,2023-02-09,Same Day,CUST-0002,Jane Doe,Consumer,United States,Indianapolis,Indiana,Central,PROD-1274,Office Supplies,Appliances,Appliances Product 34,189.73,10,0.3,26.09,2023,2,Feb,2,0.1375,1328.11,Moderate Profit,Express
ORD-00176,2023-02-24,2023-02-28,Second Class,CUST-0007,Edward Norton,Consumer,United States,San Francisco,California,West,PROD-4144,Technology,Accessories,Accessories Product 40,71.08,7,0.4,9.44,2023,2,Feb,4,0.1328,298.54,Moderate Profit,Standard
ORD-00177,2023-02-17,2023-02-20,Second Class,CUST-0037,Iris West,Corporate,United States,Indianapolis,Indiana,Central,PROD-2320,Technology,Accessories,Accessories Product 42,816.63,7,0.0,132.23,2023,2,Feb,3,0.1619,5716.41,Moderate Profit,Standard
ORD-00178,2023-02-28,2023-02-28,Standard Class,CUST-0045,Queen Latifah,Corporate,United States,New York,New York,East,PROD-8109,Office Supplies,Binders,Binders Product 42,51.28,7,0.1,9.41,2023,2,Feb,0,0.1835,323.06,Moderate Profit,Express
ORD-00179,2023-02-26,2023-02-28,First Class,CUST-0003,Bob Johnson,Home Office,United States,Kansas City,Missouri,Central,PROD-1539,Technology,Phones,Phones Product 12,2686.48,1,0.0,304.71,2023,2,Feb,2,0.1134,2686.48,Moderate Profit,Express
ORD-00180,2023-02-28,2023-02-28,Second Class,CUST-0020,Rachel Green,Home Office,United States,Chicago,Illinois,Central,PROD-7375,Technology,Phones,Phones Product 44,2885.18,10,0.0,795.38,2023,2,Feb,0,0.2757,28851.8,High Profit,Express
ORD-00181,2023-02-18,2023-02-20,Same Day,CUST-0004,Alice Brown,Consumer,United States,Chicago,Illinois,East,PROD-2245,Technology,Copiers,Copiers Product 22,2271.72,3,0.4,198.34,2023,2,Feb,2,0.0873,4089.1,Moderate Profit,Express
ORD-00182,2023-02-20,2023-02-24,Same Day,CUST-0015,Mike Tyson,Corporate,United States,Indianapolis,Indiana,Central,PROD-4043,Office Supplies,Art,Art Product 44,201.37,6,0.0,48.38,2023,2,Feb,4,0.2403,1208.22,High Profit,Standard
ORD-00183,2023-02-19,2023-02-22,Same Day,CUST-0018,Pamela Anderson,Home Office,United States,New York,New York,East,PROD-3527,Office Supplies,Appliances,Appliances Product 48,47.42,10,0.0,13.72,2023,2,Feb,3,0.2893,474.2,High Profit,Standard
ORD-00184,2023-02-13,2023-02-15,Second Class,CUST-0009,George Lucas,Corporate,United States,Houston,Texas,South,PROD-8353,Technology,Accessories,Accessories Product 36,337.52,1,0.0,61.91,2023,2,Feb,2,0.1834,337.52,Moderate Profit,Express
ORD-00185,2023-02-18,2023-02-22,Same Day,CUST-0001,John Smith,Corporate,United States,Atlanta,Georgia,South,PROD-2387,Office Supplies,Appliances,Appliances Product 47,56.13,2,0.0,12.14,2023,2,Feb,4,0.2163,112.26,High Profit,Standard
ORD-00186,2023-02-18,2023-02-20,Second Class,CUST-0010,Helen Troy,Corporate,United States,Atlanta,Georgia,South,PROD-5521,Furniture,Tables,Tables Product 27,1386.37,3,0.0,181.16,2023,2,Feb,2,0.1307,4159.11,Moderate Profit,Express
ORD-00187,2023-02-10,2023-02-13,First Class,CUST-0007,Edward Norton,Consumer,United States,Phoenix,Arizona,West,PROD-7483,Technology,Phones,Phones Product 22,1096.15,4,0.3,143.19,2023,2,Feb,3,0.1306,3069.22,Moderate Profit,Standard
ORD-00188,2023-02-27,2023-02-28,Second Class,CUST-0021,Steve Rogers,Corporate,United States,Denver,Colorado,West,PROD-6147,Office Supplies,Appliances,Appliances Product 12,403.02,6,0.1,51.53,2023,2,Feb,1,0.1279,2176.31,Moderate Profit,Express
ORD-00189,2023-02-13,2023-02-18,First Class,CUST-0018,Pamela Anderson,Consumer,United States,Atlanta,Georgia,South,PROD-4273,Technology,Accessories,Accessories Product 38,2209.93,8,0.2,440.25,2023,2,Feb,5,0.1992,14143.55,Moderate Profit,Slow
ORD-00190,2023-03-06,2023-03-13,Same Day,CUST-0027,Yara Greyjoy,Consumer,United States,Houston,Texas,South,PROD-5961,Office Supplies,Art,Art Product 16,18.32,8,0.3,1.14,2023,3,Mar,7,0.0622,102.59,Moderate Profit,Slow
ORD-00191,2023-03-09,2023-03-15,Same Day,CUST-0035,Grace Kelly,Home Office,United States,Indianapolis,Indiana,Central,PROD-1602,Office Supplies,Paper,Paper Product 24,359.04,7,0.0,66.32,2023,3,Mar,6,0.1847,2513.28,Moderate Profit,Slow
ORD-00192,2023-03-23,2023-03-28,Standard Class,CUST-0042,Neil Young,Home Office,United States,Dallas,Texas,South,PROD-7547,Office Supplies,Art,Art Product 49,320.9,2,0.0,90.07,2023,3,Mar,5,0.2807,641.8,High Profit,Slow
ORD-00193,2023-03-11,2023-03-16,Same Day,CUST-0024,Victor Hugo,Home Office,United States,Phoenix,Arizona,West,PROD-9199,Technology,Phones,Phones Product 10,51.43,5,0.0,10.45,2023,3,Mar,5,0.2032,257.15,High Profit,Slow
ORD-00194,2023-03-12,2023-03-16,Same Day,CUST-0020,Rachel Green,Consumer,United States,Denver,Colorado,West,PROD-9537,Furniture,Furnishings,Furnishings Product 31,253.87,7,0.0,21.53,2023,3,Mar,4,0.0848,1777.09,Moderate Profit,Standard
ORD-00195,2023-03-12,2023-03-16,Standard Class,CUST-0002,Jane Doe,Home Office,United States,New York,New York,East,PROD-3692,Technology,Phones,Phones Product 48,1325.73,8,0.0,93.0,2023,3,Mar,4,0.0702,10605.84,Moderate Profit,Standard
ORD-00196,2023-03-08,2023-03-15,Second Class,CUST-0026,Xavier Woods,Consumer,United States,Minneapolis,Minnesota,Central,PROD-8080,Office Supplies,Paper,Paper Product 26,278.2,6,0.2,34.65,2023,3,Mar,7,0.1246,1335.36,Moderate Profit,Slow
ORD-00197,2023-03-01,2023-03-05,Standard Class,CUST-0014,Laura Palmer,Home Office,United States,Los Angeles,California,East,PROD-2667,Office Supplies,Art,Art Product 35,442.13,8,0.2,55.36,2023,3,Mar,4,0.1252,2829.63,Moderate Profit,Standard
ORD-00198,2023-03-06,2023-03-11,Same Day,CUST-0039,Kate Winslet,Home Office,United States,Kansas City,Missouri,Central,PROD-2871,Technology,Accessories,Accessories Product 23,607.28,2,0.0,152.56,2023,3,Mar,5,0.2512,1214.56,High Profit,Slow
ORD-00199,2023-03-12,2023-03-15,First Class,CUST-0008,Fiona Apple,Consumer,United States,Denver,Colorado,West,PROD-3999,Technology,Computers,Computers Product 24,2444.94,5,0.2,388.59,2023,3,Mar,3,0.1589,9779.76,Moderate Profit,Standard
ORD-00200,2023-03-23,2023-03-28,Second Class,CUST-0041,Mary Poppins,Home Office,United States,Phoenix,Arizona,West,PROD-3733,Furniture,Furnishings,Furnishings Product 32,865.57,3,0.2,100.04,2023,3,Mar,5,0.1156,2077.37,Moderate Profit,Slow
ORD-00201,2023-03-10,2023-03-13,Second Class,CUST-0032,Donna Summer,Corporate,United States,Houston,Texas,South,PROD-9281,Furniture,Tables,Tables Product 42,663.43,8,0.2,30.69,2023,3,Mar,3,0.0463,4245.95,Low Profit,Standard
ORD-00202,2023-03-16,2023-03-18,First Class,CUST-0019,Quincy Jones,Consumer,United States,Los Angeles,California,East,PROD-9808,Technology,Copiers,Copiers Product 19,1258.58,8,0.1,107.17,2023,3,Mar,2,0.0852,9061.78,Moderate Profit,Express
ORD-00203,2023-03-06,2023-03-13,Same Day,CUST-0049,Ursula Burns,Home Office,United States,Houston,Texas,South,PROD-4580,Technology,Copiers,Copiers Product 28,1658.18,2,0.2,97.81,2023,3,Mar,7,0.059,2653.09,Moderate Profit,Slow
ORD-00204,2023-03-04,2023-03-07,Second Class,CUST-0008,Fiona Apple,Home Office,United States,Philadelphia,Pennsylvania,East,PROD-6744,Office Supplies,Paper,Paper Product 46,152.37,1,0.1,32.21,2023,3,Mar,3,0.2114,137.13,High Profit,Standard
ORD-00205,2023-03-20,2023-03-24,First Class,CUST-0037,Iris West,Home Office,United States,San Francisco,California,West,PROD-9827,Office Supplies,Appliances,Appliances Product 11,87.16,3,0.4,3.9,2023,3,Mar,4,0.0447,156.89,Low Profit,Standard
ORD-00206,2023-04-23,2023-04-27,Second Class,CUST-0004,Alice Brown,Home Office,United States,Phoenix,Arizona,West,PROD-3174,Technology,Accessories,Accessories Product 16,1726.75,9,0.3,279.74,2023,4,Apr,4,0.162,10878.52,Moderate Profit,Standard
ORD-00207,2023-04-05,2023-04-10,Standard Class,CUST-0025,Wendy Williams,Home Office,United States,Atlanta,Georgia,South,PROD-2525,Office Supplies,Storage,Storage Product 26,415.1,7,0.1,32.69,2023,4,Apr,5,0.0788,2615.13,Moderate Profit,Slow
ORD-00208,2023-04-17,2023-04-24,Standard Class,CUST-0050,Vincent Vega,Home Office,United States,Houston,Texas,South,PROD-8511,Office Supplies,Storage,Storage Product 41,348.88,6,0.1,99.37,2023,4,Apr,7,0.2848,1883.95,High Profit,Slow
ORD-00209,2023-04-22,2023-04-26,First Class,CUST-0032,Donna Summer,Corporate,United States,Minneapolis,Minnesota,Central,PROD-6533,Office Supplies,Storage,Storage Product 36,425.8,9,0.1,41.75,2023,4,Apr,4,0.0981,3448.98,Moderate Profit,Standard
ORD-00210,2023-04-19,2023-04-22,Same Day,CUST-0008,Fiona Apple,Corporate,United States,Chicago,Illinois,Central,PROD-1011,Furniture,Furnishings,Furnishings Product 28,1587.19,1,0.0,126.77,2023,4,Apr,3,0.0799,1587.19,Moderate Profit,Standard
ORD-00211,2023-04-07,2023-04-11,First Class,CUST-0042,Neil Young,Consumer,United States,Houston,Texas,South,PROD-7092,Office Supplies,Paper,Paper Product 43,441.66,5,0.0,137.94,2023,4,Apr,4,0.3123,2208.3,High Profit,Standard
ORD-00212,2023-04-21,2023-04-23,Standard Class,CUST-0042,Neil Young,Consumer,United States,Phoenix,Arizona,West,PROD-4496,Furniture,Chairs,Chairs Product 31,822.87,5,0.3,117.59,2023,4,Apr,2,0.1429,2880.04,Moderate Profit,Express
ORD-00213,2023-04-03,2023-04-10,Second Class,CUST-0028,Zara Phillips,Corporate,United States,Houston,Texas,South,PROD-2160,Furniture,Tables,Tables Product 15,1062.92,8,0.0,55.72,2023,4,Apr,7,0.0524,8503.36,Moderate Profit,Slow
ORD-00214,2023-04-13,2023-04-19,Standard Class,CUST-0005,Charlie Wilson,Home Office,United States,Seattle,Washington,West,PROD-3688,Furniture,Chairs,Chairs Product 29,251.24,6,0.0,22.9,2023,4,Apr,6,0.0911,1507.44,Moderate Profit,Slow
ORD-00215,2023-04-12,2023-04-14,Second Class,CUST-0006,Diana Prince,Consumer,United States,Minneapolis,Minnesota,Central,PROD-7291,Office Supplies,Paper,Paper Product 23,315.9,3,0.1,63.05,2023,4,Apr,2,0.1996,852.93,Moderate Profit,Express
ORD-00216,2023-04-14,2023-04-18,Second Class,CUST-0043,Olivia Newton,Home Office,United States,Houston,Texas,South,PROD-9348,Technology,Computers,Computers Product 13,758.4,2,0.0,163.83,2023,4,Apr,4,0.216,1516.8,High Profit,Standard
ORD-00217,2023-04-24,2023-04-28,Standard Class,CUST-0041,Mary Poppins,Home Office,United States,Phoenix,Arizona,West,PROD-1197,Technology,Accessories,Accessories Product 24,1945.59,4,0.1,274.14,2023,4,Apr,4,0.1409,7004.12,Moderate Profit,Standard
ORD-00218,2023-04-11,2023-04-13,Standard Class,CUST-0050,Vincent Vega,Home Office,United States,Phoenix,Arizona,West,PROD-2106,Furniture,Furnishings,Furnishings Product 1,1728.59,10,0.1,234.54,2023,4,Apr,2,0.1357,15557.31,Moderate Profit,Express
ORD-00219,2023-05-07,2023-05-12,Standard Class,CUST-0045,Queen Latifah,Home Office,United States,Indianapolis,Indiana,Central,PROD-9791,Furniture,Chairs,Chairs Product 35,1899.93,7,0.2,180.8,2023,5,May,5,0.0952,10639.61,Moderate Profit,Slow
ORD-00220,2023-05-20,2023-05-26,Standard Class,CUST-0026,Xavier Woods,Corporate,United States,Denver,Colorado,West,PROD-8167,Furniture,Bookcases,Bookcases Product 47,213.01,2,0.2,48.65,2023,5,May,6,0.2284,340.82,High Profit,Slow
ORD-00221,2023-05-28,2023-05-28,Second Class,CUST-0043,Olivia Newton,Consumer,United States,Chicago,Illinois,East,PROD-1207,Furniture,Chairs,Chairs Product 46,526.74,7,0.0,97.98,2023,5,May,0,0.186,3687.18,Moderate Profit,Express
ORD-00222,2023-05-05,2023-05-08,First Class,CUST-0024,Victor Hugo,Home Office,United States,Dallas,Texas,South,PROD-2934,Office Supplies,Binders,Binders Product 50,221.69,6,0.2,12.37,2023,5,May,3,0.0558,1064.11,Moderate Profit,Standard
ORD-00223,2023-05-01,2023-05-07,First Class,CUST-0030,Betty White,Consumer,United States,Philadelphia,Pennsylvania,East,PROD-9185,Technology,Copiers,Copiers Product 37,830.5,2,0.0,219.0,2023,5,May,6,0.2637,1661.0,High Profit,Slow
ORD-00224,2023-05-06,2023-05-12,Standard Class,CUST-0048,Tom Hanks,Consumer,United States,Los Angeles,California,East,PROD-1201,Technology,Computers,Computers Product 16,780.25,2,0.2,137.77,2023,5,May,6,0.1766,1248.4,Moderate Profit,Slow
ORD-00225,2023-05-02,2023-05-06,Second Class,CUST-0015,Unknown,Corporate,United States,Philadelphia,Pennsylvania,East,PROD-6241,Technology,Accessories,Accessories Product 18,1161.28,3,0.0,382.47,2023,5,May,4,0.3294,3483.84,High Profit,Standard
ORD-00226,2023-05-27,2023-05-28,First Class,CUST-0005,Charlie Wilson,Corporate,United States,Philadelphia,Pennsylvania,East,PROD-6362,Furniture,Bookcases,Bookcases Product 6,282.83,1,0.0,118.16,2023,5,May,1,0.4178,282.83,High Profit,Express
ORD-00227,2023-05-18,2023-05-24,Same Day,CUST-0024,Victor Hugo,Consumer,United States,Phoenix,Arizona,West,PROD-9954,Technology,Phones,Phones Product 49,1119.38,5,0.2,223.59,2023,5,May,6,0.1997,4477.52,Moderate Profit,Slow
ORD-00228,2023-05-26,2023-05-28,Same Day,CUST-0022,Tina Turner,Home Office,United States,Houston,Texas,South,PROD-6038,Furniture,Tables,Tables Product 7,62.44,7,0.0,7.49,2023,5,May,2,0.12,437.08,Moderate Profit,Express
ORD-00229,2023-05-07,2023-05-13,Same Day,CUST-0015,Mike Tyson,Home Office,United States,New York,New York,East,PROD-7102,Office Supplies,Paper,Paper Product 30,212.81,1,0.0,56.07,2023,5,May,6,0.2635,212.81,High Profit,Slow
ORD-00230,2023-05-24,2023-05-27,Second Class,CUST-0043,Olivia Newton,Corporate,United States,Philadelphia,Pennsylvania,East,PROD-5276,Furniture,Chairs,Chairs Product 21,1035.58,7,0.0,235.67,2023,5,May,3,0.2276,7249.06,High Profit,Standard
ORD-00231,2023-06-23,2023-06-28,Standard Class,CUST-0050,Vincent Vega,Consumer,United States,Seattle,Washington,West,PROD-2731,Office Supplies,Storage,Storage Product 11,162.44,5,0.0,11.76,2023,6,Jun,5,0.0724,812.2,Moderate Profit,Slow
ORD-00232,2023-06-15,2023-06-20,First Class,CUST-0020,Rachel Green,Consumer,United States,Phoenix,Arizona,West,PROD-2481,Technology,Accessories,Accessories Product 11,1231.41,9,0.0,417.93,2023,6,Jun,5,0.3394,11082.69,High Profit,Slow
ORD-00233,2023-06-26,2023-06-28,Second Class,CUST-0006,Diana Prince,Corporate,United States,Dallas,Texas,South,PROD-7492,Office Supplies,Storage,Storage Product 33,414.06,10,0.0,799.73,2023,6,Jun,2,1.9314,4140.6,High Profit,Express
ORD-00234,2023-06-02,2023-06-07,Standard Class,CUST-0007,Edward Norton,Consumer,United States,Minneapolis,Minnesota,Central,PROD-2989,Office Supplies,Storage,Storage Product 1,133.78,3,0.0,44.9,2023,6,Jun,5,0.3356,401.34,High Profit,Slow
ORD-00235,2023-06-02,2023-06-04,Standard Class,CUST-0005,Charlie Wilson,Consumer,United States,Chicago,Illinois,East,PROD-8265,Furniture,Tables,Tables Product 9,436.36,7,0.0,111.66,2023,6,Jun,2,0.2559,3054.52,High Profit,Express
ORD-00236,2023-06-03,2023-06-05,Same Day,CUST-0032,Donna Summer,Home Office,United States,Indianapolis,Indiana,Central,PROD-7990,Technology,Phones,Phones Product 12,147.24,8,0.0,14.78,2023,6,Jun,2,0.1004,1177.92,Moderate Profit,Express
ORD-00237,2023-06-12,2023-06-17,Same Day,CUST-0032,Donna Summer,Consumer,United States,Denver,Colorado,West,PROD-2437,Furniture,Tables,Tables Product 18,586.21,8,0.0,35.4,2023,6,Jun,5,0.0604,4689.68,Moderate Profit,Slow
ORD-00238,2023-06-13,2023-06-17,Same Day,CUST-0046,Robin Hood,Home Office,United States,Philadelphia,Pennsylvania,East,PROD-8940,Furniture,Furnishings,Furnishings Product 23,438.94,9,0.0,105.01,2023,6,Jun,4,0.2392,3950.46,High Profit,Standard
ORD-00239,2023-06-19,2023-06-23,Standard Class,CUST-0050,Vincent Vega,Corporate,United States,San Francisco,California,West,PROD-9674,Office Supplies,Storage,Storage Product 23,197.25,3,0.0,28.73,2023,6,Jun,4,0.1457,591.75,Moderate Profit,Standard
ORD-00240,2023-06-25,2023-06-28,Same Day,CUST-0049,Ursula Burns,Corporate,United States,Houston,Texas,South,PROD-3846,Office Supplies,Paper,Paper Product 12,487.12,2,0.0,120.35,2023,6,Jun,3,0.2471,974.24,High Profit,Standard
ORD-00241,2023-06-08,2023-06-11,Same Day,CUST-0037,Iris West,Home Office,United States,Dallas,Texas,South,PROD-6063,Office Supplies,Storage,Storage Product 12,404.07,6,0.2,16.54,2023,6,Jun,3,0.0409,1939.54,Low Profit,Standard
ORD-00242,2023-06-16,2023-06-22,Second Class,CUST-0022,Tina Turner,Consumer,United States,Chicago,Illinois,Central,PROD-6582,Furniture,Chairs,Chairs Product 46,159.53,10,0.0,8.93,2023,6,Jun,6,0.056,1595.3,Moderate Profit,Slow
ORD-00243,2023-06-06,2023-06-10,First Class,CUST-0005,Charlie Wilson,Home Office,United States,Chicago,Illinois,East,PROD-2655,Technology,Phones,Phones Product 22,1551.18,10,0.3,15.26,2023,6,Jun,4,0.0098,10858.26,Low Profit,Standard
ORD-00244,2023-06-10,2023-06-17,First Class,CUST-0012,Unknown,Consumer,United States,Kansas City,Missouri,Central,PROD-3872,Technology,Computers,Computers Product 25,2928.06,7,0.4,283.18,2023,6,Jun,7,0.0967,12297.85,Moderate Profit,Slow
ORD-00245,2023-07-24,2023-07-28,First Class,CUST-0012,Julia Roberts,Home Office,United States,Chicago,Illinois,Central,PROD-4619,Office Supplies,Storage,Storage Product 41,68.04,1,0.3,12.52,2023,7,Jul,4,0.184,47.63,Moderate Profit,Standard
ORD-00246,2023-07-19,2023-07-21,First Class,CUST-0041,Mary Poppins,Corporate,United States,Dallas,Texas,South,PROD-1186,Furniture,Furnishings,Furnishings Product 17,324.25,2,0.0,49.95,2023,7,Jul,2,0.154,648.5,Moderate Profit,Express
ORD-00247,2023-07-07,2023-07-12,Second Class,CUST-0047,Sandra Bullock,Corporate,United States,Indianapolis,Indiana,Central,PROD-9078,Furniture,Chairs,Chairs Product 25,733.44,2,0.3,20.32,2023,7,Jul,5,0.0277,1026.82,Low Profit,Slow
ORD-00248,2023-07-12,2023-07-14,Standard Class,CUST-0029,Aaron Paul,Corporate,United States,Seattle,Washington,West,PROD-1328,Office Supplies,Appliances,Appliances Product 21,55.21,8,0.4,6.83,2023,7,Jul,2,0.1237,265.01,Moderate Profit,Express
ORD-00249,2023-07-09,2023-07-15,Same Day,CUST-0039,Kate Winslet,Home Office,United States,Chicago,Illinois,East,PROD-1507,Furniture,Chairs,Chairs Product 28,716.53,7,0.0,118.16,2023,7,Jul,6,0.1649,5015.71,Moderate Profit,Slow
ORD-00250,2023-07-21,2023-07-27,First Class,CUST-0045,Queen Latifah,Home Office,United States,Phoenix,Arizona,West,PROD-5612,Furniture,Furnishings,Furnishings Product 20,356.35,2,0.0,39.79,2023,7,Jul,6,0.1117,712.7,Moderate Profit,Slow
ORD-00251,2023-07-08,2023-07-13,Standard Class,CUST-0001,John Smith,Corporate,United States,Chicago,Illinois,East,PROD-8869,Furniture,Chairs,Chairs Product 13,816.16,9,0.4,64.41,2023,7,Jul,5,0.0789,4407.26,Moderate Profit,Slow
ORD-00252,2023-07-04,2023-07-09,Same Day,CUST-0026,Xavier Woods,Home Office,United States,Chicago,Illinois,East,PROD-5341,Furniture,Tables,Tables Product 6,383.12,5,0.0,73.59,2023,7,Jul,5,0.1921,1915.6,Moderate Profit,Slow
ORD-00253,2023-07-21,2023-07-26,First Class,CUST-0029,Aaron Paul,Consumer,United States,Chicago,Illinois,East,PROD-5400,Office Supplies,Appliances,Appliances Product 37,96.52,7,0.0,10.23,2023,7,Jul,5,0.106,675.64,Moderate Profit,Slow
ORD-00254,2023-07-02,2023-07-08,Same Day,CUST-0025,Wendy Williams,Home Office,United States,San Francisco,California,West,PROD-8779,Furniture,Chairs,Chairs Product 37,217.13,6,0.4,18.45,2023,7,Jul,6,0.085,781.67,Moderate Profit,Slow
ORD-00255,2023-07-08,2023-07-13,Second Class,CUST-0049,Ursula Burns,Consumer,United States,San Francisco,California,West,PROD-4471,Technology,Accessories,Accessories Product 13,255.29,1,0.2,39.56,2023,7,Jul,5,0.155,204.23,Moderate Profit,Slow
ORD-00256,2023-07-05,2023-07-12,Standard Class,CUST-0021,Steve Rogers,Consumer,United States,Denver,Colorado,West,PROD-7358,Furniture,Furnishings,Furnishings Product 36,202.82,7,0.0,70.82,2023,7,Jul,7,0.3492,1419.74,High Profit,Slow
ORD-00257,2023-08-18,2023-08-21,Second Class,CUST-0027,Yara Greyjoy,Home Office,United States,Chicago,Illinois,Central,PROD-2641,Technology,Accessories,Accessories Product 7,1568.67,1,0.0,163.22,2023,8,Aug,3,0.104,1568.67,Moderate Profit,Standard
ORD-00258,2023-08-19,2023-08-22,First Class,CUST-0003,Bob Johnson,Corporate,United States,Indianapolis,Indiana,Central,PROD-3356,Furniture,Bookcases,Bookcases Product 40,1741.58,6,0.1,118.16,2023,8,Aug,3,0.0678,9404.53,Moderate Profit,Standard
ORD-00259,2023-08-20,2023-08-22,First Class,CUST-0024,Victor Hugo,Corporate,United States,Kansas City,Missouri,Central,PROD-6094,Office Supplies,Appliances,Appliances Product 18,24.2,6,0.0,1.61,2023,8,Aug,2,0.0665,145.2,Moderate Profit,Express
ORD-00260,2023-08-27,2023-08-28,Same Day,CUST-0018,Pamela Anderson,Home Office,United States,Kansas City,Missouri,Central,PROD-2462,Technology,Phones,Phones Product 13,2918.04,4,0.0,408.95,2023,8,Aug,1,0.1401,11672.16,Moderate Profit,Express
ORD-00261,2023-08-15,2023-08-19,Same Day,CUST-0005,Charlie Wilson,Consumer,United States,Los Angeles,California,East,PROD-9589,Furniture,Furnishings,Furnishings Product 37,1494.84,9,0.4,96.97,2023,8,Aug,4,0.0649,8072.14,Moderate Profit,Standard
ORD-00262,2023-08-01,2023-08-05,Second Class,CUST-0004,Alice Brown,Corporate,United States,Philadelphia,Pennsylvania,East,PROD-7035,Furniture,Tables,Tables Product 30,1756.6,4,0.4,47.28,2023,8,Aug,4,0.0269,4215.84,Low Profit,Standard
ORD-00263,2023-08-17,2023-08-23,First Class,CUST-0031,Carl Sagan,Corporate,United States,Minneapolis,Minnesota,Central,PROD-3679,Technology,Phones,Phones Product 17,2049.9,4,0.0,403.08,2023,8,Aug,6,0.1966,8199.6,Moderate Profit,Slow
ORD-00264,2023-08-24,2023-08-27,Second Class,CUST-0042,Neil Young,Corporate,United States,Seattle,Washington,West,PROD-7709,Office Supplies,Binders,Binders Product 33,146.11,7,0.0,14.45,2023,8,Aug,3,0.0989,1022.77,Moderate Profit,Standard
ORD-00265,2023-08-01,2023-08-07,First Class,CUST-0017,Oscar Wilde,Home Office,United States,Los Angeles,California,East,PROD-5511,Office Supplies,Binders,Binders Product 28,239.68,3,0.3,13.44,2023,8,Aug,6,0.0561,503.33,Moderate Profit,Slow
ORD-00266,2023-08-13,2023-08-19,First Class,CUST-0001,John Smith,Home Office,United States,Chicago,Illinois,Central,PROD-5631,Technology,Copiers,Copiers Product 20,770.96,8,0.0,195.18,2023,8,Aug,6,0.2532,6167.68,High Profit,Slow
ORD-00267,2023-08-22,2023-08-28,First Class,CUST-0042,Neil Young,Consumer,United States,Miami,Florida,South,PROD-3456,Furniture,Furnishings,Furnishings Product 34,174.48,5,0.3,14.16,2023,8,Aug,6,0.0812,610.68,Moderate Profit,Slow
ORD-00268,2023-08-25,2023-08-28,First Class,CUST-0042,Neil Young,Corporate,United States,San Francisco,California,West,PROD-7857,Furniture,Chairs,Chairs Product 26,1620.59,10,0.1,341.84,2023,8,Aug,3,0.2109,14585.31,High Profit,Standard
ORD-00269,2023-08-13,2023-08-17,First Class,CUST-0043,Olivia Newton,Consumer,United States,Phoenix,Arizona,West,PROD-3967,Office Supplies,Binders,Binders Product 19,293.6,10,0.4,12.56,2023,8,Aug,4,0.0428,1761.6,Low Profit,Standard
ORD-00270,2023-08-04,2023-08-08,Second Class,CUST-0015,Mike Tyson,Home Office,United States,Houston,Texas,South,PROD-6031,Technology,Computers,Computers Product 27,2227.94,9,0.4,288.55,2023,8,Aug,4,0.1295,12030.88,Moderate Profit,Standard
ORD-00271,2023-09-12,2023-09-18,Standard Class,CUST-0013,Kevin Hart,Home Office,United States,Philadelphia,Pennsylvania,East,PROD-7253,Technology,Accessories,Accessories Product 34,1402.01,2,0.1,78.78,2023,9,Sep,6,0.0562,2523.62,Moderate Profit,Slow
ORD-00272,2023-09-10,2023-09-15,Second Class,CUST-0037,Iris West,Corporate,United States,Atlanta,Georgia,South,PROD-3954,Technology,Phones,Phones Product 50,2615.13,3,0.0,799.73,2023,9,Sep,5,0.3058,7845.39,High Profit,Slow
ORD-00273,2023-09-03,2023-09-06,Second Class,CUST-0018,Pamela Anderson,Home Office,United States,Philadelphia,Pennsylvania,East,PROD-3595,Technology,Accessories,Accessories Product 32,1900.48,3,0.0,456.78,2023,9,Sep,3,0.2403,5701.44,High Profit,Standard
ORD-00274,2023-09-26,2023-09-28,Second Class,CUST-0001,John Smith,Home Office,United States,Indianapolis,Indiana,Central,PROD-7112,Furniture,Tables,Tables Product 1,1248.24,7,0.1,189.61,2023,9,Sep,2,0.1519,7863.91,Moderate Profit,Express
ORD-00275,2023-09-11,2023-09-14,Standard Class,CUST-0020,Rachel Green,Corporate,United States,Denver,Colorado,West,PROD-9246,Office Supplies,Paper,Paper Product 38,13.87,1,0.3,2.06,2023,9,Sep,3,0.1485,9.71,Moderate Profit,Standard
ORD-00276,2023-09-10,2023-09-13,First Class,CUST-0044,Patrick Star,Corporate,United States,Atlanta,Georgia,South,PROD-6885,Furniture,Chairs,Chairs Product 49,1656.5,5,0.0,309.4,2023,9,Sep,3,0.1868,8282.5,Moderate Profit,Standard
ORD-00277,2023-09-07,2023-09-13,Second Class,CUST-0038,James Bond,Consumer,United States,San Francisco,California,West,PROD-7006,Furniture,Furnishings,Furnishings Product 46,87.29,4,0.3,16.59,2023,9,Sep,6,0.1901,244.41,Moderate Profit,Slow
ORD-00278,2023-09-21,2023-09-23,First Class,CUST-0043,Olivia Newton,Consumer,United States,New York,New York,East,PROD-2897,Furniture,Furnishings,Furnishings Product 27,1759.26,5,0.4,148.07,2023,9,Sep,2,0.0842,5277.78,Moderate Profit,Express
ORD-00279,2023-09-15,2023-09-22,Standard Class,CUST-0027,Yara Greyjoy,Home Office,United States,Chicago,Illinois,East,PROD-9524,Technology,Phones,Phones Product 18,1650.9,8,0.3,87.11,2023,9,Sep,7,0.0528,9245.04,Moderate Profit,Slow
ORD-00280,2023-09-20,2023-09-22,Same Day,CUST-0008,Fiona Apple,Consumer,United States,Chicago,Illinois,East,PROD-4272,Office Supplies,Paper,Paper Product 50,212.32,2,0.2,39.48,2023,9,Sep,2,0.1859,339.71,Moderate Profit,Express
ORD-00281,2023-09-09,2023-09-14,First Class,CUST-0045,Queen Latifah,Consumer,United States,Minneapolis,Minnesota,Central,PROD-1044,Office Supplies,Paper,Paper Product 1,182.17,7,0.0,17.87,2023,9,Sep,5,0.0981,1275.19,Moderate Profit,Slow
ORD-00282,2023-09-22,2023-09-28,Second Class,CUST-0017,Oscar Wilde,Corporate,United States,New York,New York,East,PROD-5850,Furniture,Chairs,Chairs Product 17,1678.7,8,0.0,562.09,2023,9,Sep,6,0.3348,13429.6,High Profit,Slow
ORD-00283,2023-09-15,2023-09-17,Standard Class,CUST-0048,Tom Hanks,Consumer,United States,Atlanta,Georgia,South,PROD-1158,Furniture,Chairs,Chairs Product 9,1635.7,1,0.4,89.75,2023,9,Sep,2,0.0549,981.42,Moderate Profit,Express
ORD-00284,2023-10-21,2023-10-24,Standard Class,CUST-0022,Tina Turner,Corporate,United States,Chicago,Illinois,East,PROD-7557,Furniture,Bookcases,Bookcases Product 30,747.18,8,0.2,68.25,2023,10,Oct,3,0.0913,4781.95,Moderate Profit,Standard
ORD-00285,2023-10-09,2023-10-14,Same Day,CUST-0007,Edward Norton,Home Office,United States,Los Angeles,California,East,PROD-8178,Technology,Copiers,Copiers Product 12,2403.7,3,0.0,215.74,2023,10,Oct,5,0.0898,7211.1,Moderate Profit,Slow
ORD-00286,2023-10-20,2023-10-22,Standard Class,CUST-0029,Aaron Paul,Corporate,United States,Philadelphia,Pennsylvania,East,PROD-6148,Technology,Accessories,Accessories Product 1,1841.85,3,0.1,510.56,2023,10,Oct,2,0.2772,4973.0,High Profit,Express
ORD-00287,2023-10-23,2023-10-28,Second Class,CUST-0028,Zara Phillips,Corporate,United States,Houston,Texas,South,PROD-6664,Office Supplies,Art,Art Product 43,384.93,10,0.3,46.47,2023,10,Oct,5,0.1207,2694.51,Moderate Profit,Slow
ORD-00288,2023-10-22,2023-10-25,Standard Class,CUST-0032,Donna Summer,Corporate,United States,Phoenix,Arizona,West,PROD-6253,Office Supplies,Appliances,Appliances Product 16,78.58,9,0.2,3.65,2023,10,Oct,3,0.0464,565.78,Low Profit,Standard
ORD-00289,2023-10-11,2023-10-16,Same Day,CUST-0030,Betty White,Consumer,United States,San Francisco,California,West,PROD-9166,Technology,Phones,Phones Product 29,1530.65,9,0.3,137.72,2023,10,Oct,5,0.09,9643.09,Moderate Profit,Slow
ORD-00290,2023-10-11,2023-10-17,First Class,CUST-0006,Diana Prince,Home Office,United States,New York,New York,East,PROD-4389,Furniture,Furnishings,Furnishings Product 42,1503.22,1,0.0,257.1,2023,10,Oct,6,0.171,1503.22,Moderate Profit,Slow
ORD-00291,2023-10-22,2023-10-28,Same Day,CUST-0036,Harry Styles,Home Office,United States,Kansas City,Missouri,Central,PROD-6952,Technology,Accessories,Accessories Product 46,1102.76,1,0.4,51.55,2023,10,Oct,6,0.0467,661.66,Low Profit,Slow
ORD-00292,2023-10-15,2023-10-17,Standard Class,CUST-0045,Queen Latifah,Consumer,United States,Miami,Florida,South,PROD-9067,Furniture,Chairs,Chairs Product 9,1530.67,4,0.0,233.29,2023,10,Oct,2,0.1524,6122.68,Moderate Profit,Express
ORD-00293,2023-10-27,2023-10-28,First Class,CUST-0030,Betty White,Consumer,United States,Minneapolis,Minnesota,Central,PROD-7790,Office Supplies,Appliances,Appliances Product 3,57.95,10,0.0,6.16,2023,10,Oct,1,0.1063,579.5,Moderate Profit,Express
ORD-00294,2023-10-21,2023-10-27,Standard Class,CUST-0001,John Smith,Home Office,United States,Phoenix,Arizona,West,PROD-8091,Office Supplies,Art,Art Product 38,65.99,8,0.1,13.88,2023,10,Oct,6,0.2103,475.13,High Profit,Slow
ORD-00295,2023-10-16,2023-10-22,First Class,CUST-0043,Olivia Newton,Home Office,United States,Philadelphia,Pennsylvania,East,PROD-7302,Office Supplies,Paper,Paper Product 27,347.45,3,0.3,56.29,2023,10,Oct,6,0.162,729.64,Moderate Profit,Slow
ORD-00296,2023-10-20,2023-10-26,First Class,CUST-0027,Yara Greyjoy,Home Office,United States,Seattle,Washington,West,PROD-9975,Office Supplies,Paper,Paper Product 21,140.43,6,0.0,26.1,2023,10,Oct,6,0.1859,842.58,Moderate Profit,Slow
ORD-00297,2023-10-23,2023-10-26,Second Class,CUST-0044,Patrick Star,Home Office,United States,Miami,Florida,South,PROD-9888,Office Supplies,Art,Art Product 45,318.13,4,0.0,75.48,2023,10,Oct,3,0.2373,1272.52,High Profit,Standard
ORD-00298,2023-10-21,2023-10-23,Standard Class,CUST-0028,Zara Phillips,Consumer,United States,Kansas City,Missouri,Central,PROD-7240,Technology,Phones,Phones Product 10,2287.11,9,0.1,437.1,2023,10,Oct,2,0.1911,18525.59,Moderate Profit,Express
ORD-00299,2023-10-02,2023-10-06,Second Class,CUST-0045,Queen Latifah,Home Office,United States,San Francisco,California,West,PROD-1529,Office Supplies,Binders,Binders Product 23,103.95,3,0.0,26.51,2023,10,Oct,4,0.255,311.85,High Profit,Standard
ORD-00300,2023-10-27,2023-10-28,First Class,CUST-0033,Elvis Presley,Home Office,United States,Minneapolis,Minnesota,Central,PROD-1769,Technology,Phones,Phones Product 25,1856.0,9,0.4,87.08,2023,10,Oct,1,0.0469,10022.4,Low Profit,Express
ORD-00301,2023-10-13,2023-10-20,First Class,CUST-0015,Mike Tyson,Home Office,United States,Phoenix,Arizona,West,PROD-9955,Technology,Accessories,Accessories Product 48,2898.18,1,0.0,791.5,2023,10,Oct,7,0.2731,2898.18,High Profit,Slow
ORD-00302,2023-11-07,2023-11-09,Same Day,CUST-0025,Wendy Williams,Corporate,United States,San Francisco,California,West,PROD-5329,Office Supplies,Paper,Paper Product 9,150.62,3,0.3,5.99,2023,11,Nov,2,0.0398,316.3,Low Profit,Express
ORD-00303,2023-11-06,2023-11-12,Standard Class,CUST-0021,Steve Rogers,Home Office,United States,Los Angeles,California,East,PROD-5934,Office Supplies,Storage,Storage Product 32,7.79,8,0.3,1.42,2023,11,Nov,6,0.1823,43.62,Moderate Profit,Slow
ORD-00304,2023-11-26,2023-11-28,Same Day,CUST-0033,Elvis Presley,Home Office,United States,San Francisco,California,West,PROD-9798,Office Supplies,Art,Art Product 26,182.25,6,0.2,14.8,2023,11,Nov,2,0.0812,874.8,Moderate Profit,Express
ORD-00305,2023-11-03,2023-11-10,Standard Class,CUST-0036,Harry Styles,Consumer,United States,Phoenix,Arizona,West,PROD-6668,Technology,Computers,Computers Product 29,2652.52,6,0.0,419.73,2023,11,Nov,7,0.1582,15915.12,Moderate Profit,Slow
ORD-00306,2023-11-08,2023-11-13,First Class,CUST-0008,Fiona Apple,Home Office,United States,Atlanta,Georgia,South,PROD-5633,Office Supplies,Art,Art Product 2,459.71,4,0.0,117.12,2023,11,Nov,5,0.2548,1838.84,High Profit,Slow
ORD-00307,2023-11-17,2023-11-23,Standard Class,CUST-0011,Ivan Drago,Home Office,United States,New York,New York,East,PROD-2072,Technology,Copiers,Copiers Product 14,1470.68,5,0.3,87.16,2023,11,Nov,6,0.0593,5147.38,Moderate Profit,Slow
ORD-00308,2023-11-22,2023-11-28,Second Class,CUST-0048,Tom Hanks,Consumer,United States,Chicago,Illinois,Central,PROD-8523,Office Supplies,Paper,Paper Product 46,221.69,7,0.4,14.06,2023,11,Nov,6,0.0634,931.1,Moderate Profit,Slow
ORD-00309,2023-11-11,2023-11-16,Same Day,CUST-0017,Oscar Wilde,Corporate,United States,Los Angeles,California,East,PROD-7626,Furniture,Chairs,Chairs Product 28,192.83,3,0.4,9.69,2023,11,Nov,5,0.0503,347.09,Moderate Profit,Slow
ORD-00310,2023-11-11,2023-11-13,First Class,CUST-0045,Queen Latifah,Home Office,United States,New York,New York,East,PROD-2738,Furniture,Furnishings,Furnishings Product 19,1362.93,9,0.0,330.41,2023,11,Nov,2,0.2424,12266.37,High Profit,Express
ORD-00311,2023-11-26,2023-11-28,Same Day,CUST-0043,Olivia Newton,Consumer,United States,Indianapolis,Indiana,Central,PROD-9740,Office Supplies,Storage,Storage Product 15,305.25,5,0.4,40.05,2023,11,Nov,2,0.1312,915.75,Moderate Profit,Express
ORD-00312,2023-11-05,2023-11-12,First Class,CUST-0044,Patrick Star,Consumer,United States,Denver,Colorado,West,PROD-3316,Office Supplies,Appliances,Appliances Product 8,399.4,9,0.0,135.01,2023,11,Nov,7,0.338,3594.6,High Profit,Slow
ORD-00313,2023-11-02,2023-11-09,Second Class,CUST-0027,Yara Greyjoy,Consumer,United States,Dallas,Texas,South,PROD-4014,Furniture,Furnishings,Furnishings Product 15,1097.45,2,0.0,124.03,2023,11,Nov,7,0.113,2194.9,Moderate Profit,Slow
ORD-00314,2023-11-20,2023-11-27,Standard Class,CUST-0019,Quincy Jones,Corporate,United States,Chicago,Illinois,Central,PROD-2608,Technology,Computers,Computers Product 13,361.58,10,0.4,9.59,2023,11,Nov,7,0.0265,2169.48,Low Profit,Slow
ORD-00315,2023-11-24,2023-11-28,Standard Class,CUST-0019,Quincy Jones,Consumer,United States,San Francisco,California,West,PROD-6206,Office Supplies,Appliances,Appliances Product 32,476.01,6,0.0,119.66,2023,11,Nov,4,0.2514,2856.06,High Profit,Standard
ORD-00316,2023-11-15,2023-11-17,First Class,CUST-0011,Ivan Drago,Consumer,United States,Atlanta,Georgia,South,PROD-4629,Technology,Accessories,Accessories Product 46,2086.51,3,0.2,321.41,2023,11,Nov,2,0.154,5007.62,Moderate Profit,Express
ORD-00317,2023-11-24,2023-11-28,First Class,CUST-0030,Betty White,Corporate,United States,Atlanta,Georgia,South,PROD-8978,Office Supplies,Appliances,Appliances Product 36,141.96,6,0.0,36.04,2023,11,Nov,4,0.2539,851.76,High Profit,Standard
ORD-00318,2023-11-04,2023-11-10,Standard Class,CUST-0002,Jane Doe,Home Office,United States,New York,New York,East,PROD-7637,Furniture,Chairs,Chairs Product 50,1691.5,3,0.2,128.98,2023,11,Nov,6,0.0763,4059.6,Moderate Profit,Slow
ORD-00319,2023-12-07,2023-12-10,First Class,CUST-0026,Xavier Woods,Consumer,United States,Denver,Colorado,West,PROD-8613,Furniture,Bookcases,Bookcases Product 33,1109.77,9,0.1,232.22,2023,12,Dec,3,0.2093,8989.14,High Profit,Standard
ORD-00320,2023-12-17,2023-12-20,Second Class,CUST-0029,Aaron Paul,Home Office,United States,Seattle,Washington,West,PROD-3395,Furniture,Furnishings,Furnishings Product 48,759.54,1,0.3,50.82,2023,12,Dec,3,0.0669,531.68,Moderate Profit,Standard
ORD-00321,2023-12-24,2023-12-28,Second Class,CUST-0003,Bob Johnson,Home Office,United States,Dallas,Texas,South,PROD-6918,Technology,Accessories,Accessories Product 25,140.45,8,0.0,9.67,2023,12,Dec,4,0.0689,1123.6,Moderate Profit,Standard
ORD-00322,2023-12-16,2023-12-22,Second Class,CUST-0038,James Bond,Corporate,United States,Miami,Florida,South,PROD-7201,Technology,Phones,Phones Product 24,138.92,6,0.0,36.27,2023,12,Dec,6,0.2611,833.52,High Profit,Slow
ORD-00323,2023-12-19,2023-12-24,Standard Class,CUST-0032,Donna Summer,Home Office,United States,Miami,Florida,South,PROD-3276,Office Supplies,Binders,Binders Product 29,260.75,7,0.0,53.43,2023,12,Dec,5,0.2049,1825.25,High Profit,Slow
ORD-00324,2023-12-06,2023-12-13,Standard Class,CUST-0039,Kate Winslet,Home Office,United States,Denver,Colorado,West,PROD-4773,Furniture,Chairs,Chairs Product 27,1053.36,5,0.0,100.15,2023,12,Dec,7,0.0951,5266.8,Moderate Profit,Slow
ORD-00325,2023-12-26,2023-12-28,Standard Class,CUST-0002,Jane Doe,Consumer,United States,Phoenix,Arizona,West,PROD-3639,Technology,Phones,Phones Product 9,1454.92,8,0.1,140.01,2023,12,Dec,2,0.0962,10475.42,Moderate Profit,Express
ORD-00326,2023-12-21,2023-12-27,Standard Class,CUST-0039,Kate Winslet,Home Office,United States,Phoenix,Arizona,West,PROD-5644,Office Supplies,Binders,Binders Product 6,445.94,3,0.0,44.55,2023,12,Dec,6,0.0999,1337.82,Moderate Profit,Slow
ORD-00327,2023-12-07,2023-12-14,First Class,CUST-0040,Liam Neeson,Consumer,United States,Seattle,Washington,West,PROD-6614,Technology,Copiers,Copiers Product 30,2604.56,3,0.0,779.05,2023,12,Dec,7,0.2991,7813.68,High Profit,Slow
ORD-00328,2023-12-20,2023-12-26,Standard Class,CUST-0010,Helen Troy,Consumer,United States,Phoenix,Arizona,West,PROD-8796,Office Supplies,Binders,Binders Product 40,118.76,7,0.0,9.81,2023,12,Dec,6,0.0826,831.32,Moderate Profit,Slow
ORD-00329,2023-12-20,2023-12-25,First Class,CUST-0034,Frank Sinatra,Consumer,United States,Philadelphia,Pennsylvania,East,PROD-9680,Furniture,Chairs,Chairs Product 28,231.72,3,0.2,34.35,2023,12,Dec,5,0.1482,556.13,Moderate Profit,Slow
ORD-00330,2023-12-08,2023-12-11,Standard Class,CUST-0050,Vincent Vega,Corporate,United States,Atlanta,Georgia,South,PROD-9908,Technology,Copiers,Copiers Product 27,1064.54,10,0.0,189.11,2023,12,Dec,3,0.1776,10645.4,Moderate Profit,Standard
ORD-00331,2023-12-09,2023-12-12,First Class,CUST-0042,Neil Young,Corporate,United States,Philadelphia,Pennsylvania,East,PROD-6935,Furniture,Chairs,Chairs Product 7,1432.84,1,0.2,207.38,2023,12,Dec,3,0.1447,1146.27,Moderate Profit,Standard
ORD-00332,2023-12-05,2023-12-08,Same Day,CUST-0049,Ursula Burns,Home Office,United States,Atlanta,Georgia,South,PROD-8904,Technology,Accessories,Accessories Product 12,798.68,9,0.1,148.95,2023,12,Dec,3,0.1865,6469.31,Moderate Profit,Standard
ORD-00333,2023-12-12,2023-12-14,Second Class,CUST-0043,Olivia Newton,Corporate,United States,Minneapolis,Minnesota,Central,PROD-3650,Office Supplies,Art,Art Product 7,244.46,5,0.2,26.23,2023,12,Dec,2,0.1073,977.84,Moderate Profit,Express
ORD-00334,2023-12-07,2023-12-14,Standard Class,CUST-0025,Wendy Williams,Consumer,United States,Los Angeles,California,East,PROD-3381,Office Supplies,Appliances,Appliances Product 31,394.11,9,0.2,71.48,2023,12,Dec,7,0.1814,2837.59,Moderate Profit,Slow
ORD-00335,2023-12-20,2023-12-26,First Class,CUST-0026,Xavier Woods,Home Office,United States,Philadelphia,Pennsylvania,East,PROD-1941,Technology,Phones,Phones Product 50,210.96,4,0.0,15.61,2023,12,Dec,6,0.074,843.84,Moderate Profit,Slow
ORD-00336,2024-01-21,2024-01-23,First Class,CUST-0044,Patrick Star,Consumer,United States,Seattle,Washington,West,PROD-1004,Technology,Copiers,Copiers Product 11,51.92,9,0.0,5.63,2024,1,Jan,2,0.1084,467.28,Moderate Profit,Express
ORD-00337,2024-01-03,2024-01-09,First Class,CUST-0006,Diana Prince,Home Office,United States,New York,New York,East,PROD-6703,Technology,Copiers,Copiers Product 23,1072.32,7,0.1,205.83,2024,1,Jan,6,0.1919,6755.62,Moderate Profit,Slow
ORD-00338,2024-01-27,2024-01-28,Standard Class,CUST-0012,Julia Roberts,Home Office,United States,Chicago,Illinois,East,PROD-2185,Technology,Computers,Computers Product 33,1551.18,4,0.1,510.78,2024,1,Jan,1,0.3293,5584.25,High Profit,Express
ORD-00339,2024-01-10,2024-01-16,Same Day,CUST-0025,Wendy Williams,Consumer,United States,Atlanta,Georgia,South,PROD-6565,Technology,Phones,Phones Product 50,2412.77,5,0.2,496.45,2024,1,Jan,6,0.2058,9651.08,High Profit,Slow
ORD-00340,2024-01-15,2024-01-18,Second Class,CUST-0041,Mary Poppins,Corporate,United States,Philadelphia,Pennsylvania,East,PROD-7757,Office Supplies,Appliances,Appliances Product 23,448.78,1,0.1,32.38,2024,1,Jan,3,0.0722,403.9,Moderate Profit,Standard
ORD-00341,2024-01-17,2024-01-23,Second Class,CUST-0005,Charlie Wilson,Corporate,United States,Kansas City,Missouri,Central,PROD-6142,Office Supplies,Binders,Binders Product 23,351.91,5,0.0,47.93,2024,1,Jan,6,0.1362,1759.55,Moderate Profit,Slow
ORD-00342,2024-01-07,2024-01-10,Second Class,CUST-0017,Oscar Wilde,Consumer,United States,Seattle,Washington,West,PROD-5091,Office Supplies,Storage,Storage Product 40,95.48,4,0.1,22.0,2024,1,Jan,3,0.2304,343.73,High Profit,Standard
ORD-00343,2024-01-12,2024-01-18,Standard Class,CUST-0049,Ursula Burns,Corporate,United States,Chicago,Illinois,Central,PROD-7081,Furniture,Chairs,Chairs Product 40,283.76,2,0.3,52.55,2024,1,Jan,6,0.1852,397.26,Moderate Profit,Slow
ORD-00344,2024-01-11,2024-01-16,Same Day,CUST-0034,Frank Sinatra,Home Office,United States,San Francisco,California,West,PROD-1533,Technology,Accessories,Accessories Product 33,1482.6,9,0.0,251.1,2024,1,Jan,5,0.1694,13343.4,Moderate Profit,Slow
ORD-00345,2024-01-12,2024-01-19,Second Class,CUST-0001,John Smith,Corporate,United States,Houston,Texas,South,PROD-2650,Technology,Computers,Computers Product 21,1382.44,2,0.3,156.22,2024,1,Jan,7,0.113,1935.42,Moderate Profit,Slow
ORD-00346,2024-02-20,2024-02-25,Same Day,CUST-0012,Julia Roberts,Consumer,United States,Miami,Florida,South,PROD-7866,Technology,Computers,Computers Product 45,1654.72,4,0.0,316.72,2024,2,Feb,5,0.1914,6618.88,Moderate Profit,Slow
ORD-00347,2024-02-25,2024-02-28,First Class,CUST-0007,Edward Norton,Consumer,United States,Seattle,Washington,West,PROD-8081,Technology,Accessories,Accessories Product 25,2565.89,5,0.1,226.75,2024,2,Feb,3,0.0884,11546.5,Moderate Profit,Standard
ORD-00348,2024-02-07,2024-02-11,First Class,CUST-0032,Donna Summer,Home Office,United States,Denver,Colorado,West,PROD-1781,Furniture,Tables,Tables Product 26,972.32,1,0.0,171.57,2024,2,Feb,4,0.1765,972.32,Moderate Profit,Standard
ORD-00349,2024-02-04,2024-02-08,First Class,CUST-0048,Tom Hanks,Corporate,United States,Philadelphia,Pennsylvania,East,PROD-6903,Office Supplies,Paper,Paper Product 36,34.72,5,0.1,8.9,2024,2,Feb,4,0.2563,156.24,High Profit,Standard
ORD-00350,2024-02-18,2024-02-22,First Class,CUST-0050,Vincent Vega,Corporate,United States,Seattle,Washington,West,PROD-9363,Technology,Accessories,Accessories Product 32,79.11,2,0.0,24.54,2024,2,Feb,4,0.3102,158.22,High Profit,Standard
ORD-00351,2024-02-25,2024-02-28,Same Day,CUST-0041,Mary Poppins,Home Office,United States,Seattle,Washington,West,PROD-7631,Office Supplies,Appliances,Appliances Product 5,445.37,7,0.2,42.39,2024,2,Feb,3,0.0952,2494.07,Moderate Profit,Standard
ORD-00352,2024-02-03,2024-02-08,First Class,CUST-0018,Pamela Anderson,Home Office,United States,Atlanta,Georgia,South,PROD-9535,Furniture,Bookcases,Bookcases Product 29,495.02,6,0.3,37.41,2024,2,Feb,5,0.0756,2079.08,Moderate Profit,Slow
ORD-00353,2024-02-14,2024-02-17,Same Day,CUST-0014,Laura Palmer,Consumer,United States,Houston,Texas,South,PROD-2565,Furniture,Tables,Tables Product 5,1715.71,3,0.3,113.6,2024,2,Feb,3,0.0662,3602.99,Moderate Profit,Standard
ORD-00354,2024-02-16,2024-02-22,Second Class,CUST-0017,Oscar Wilde,Consumer,United States,New York,New York,East,PROD-7387,Office Supplies,Binders,Binders Product 20,18.05,7,0.2,3.53,2024,2,Feb,6,0.1956,101.08,Moderate Profit,Slow
ORD-00355,2024-02-08,2024-02-15,First Class,CUST-0003,Bob Johnson,Corporate,United States,San Francisco,California,West,PROD-8801,Furniture,Bookcases,Bookcases Product 30,914.16,3,0.0,190.17,2024,2,Feb,7,0.208,2742.48,High Profit,Slow
ORD-00356,2024-02-28,2024-02-28,First Class,CUST-0034,Frank Sinatra,Corporate,United States,Indianapolis,Indiana,Central,PROD-8891,Office Supplies,Storage,Storage Product 35,276.53,3,0.3,32.21,2024,2,Feb,0,0.1165,580.71,Moderate Profit,Express
ORD-00357,2024-02-08,2024-02-11,First Class,CUST-0034,Frank Sinatra,Corporate,United States,New York,New York,East,PROD-8687,Furniture,Furnishings,Furnishings Product 35,650.34,7,0.0,62.9,2024,2,Feb,3,0.0967,4552.38,Moderate Profit,Standard
ORD-00358,2024-02-01,2024-02-04,Standard Class,CUST-0039,Kate Winslet,Home Office,United States,Kansas City,Missouri,Central,PROD-7121,Office Supplies,Appliances,Appliances Product 13,473.74,8,0.0,24.98,2024,2,Feb,3,0.0527,3789.92,Moderate Profit,Standard
ORD-00359,2024-03-18,2024-03-25,Second Class,CUST-0028,Zara Phillips,Home Office,United States,Houston,Texas,South,PROD-5454,Technology,Copiers,Copiers Product 19,764.69,7,0.4,50.01,2024,3,Mar,7,0.0654,3211.7,Moderate Profit,Slow
ORD-00360,2024-03-21,2024-03-23,Same Day,CUST-0019,Quincy Jones,Home Office,United States,Seattle,Washington,West,PROD-8418,Office Supplies,Art,Art Product 18,405.36,7,0.0,124.06,2024,3,Mar,2,0.306,2837.52,High Profit,Express
ORD-00361,2024-03-23,2024-03-27,First Class,CUST-0007,Edward Norton,Consumer,United States,Los Angeles,California,East,PROD-8183,Office Supplies,Appliances,Appliances Product 47,97.96,1,0.0,6.36,2024,3,Mar,4,0.0649,97.96,Moderate Profit,Standard
ORD-00362,2024-03-01,2024-03-06,Standard Class,CUST-0024,Victor Hugo,Corporate,United States,Atlanta,Georgia,South,PROD-2314,Furniture,Chairs,Chairs Product 49,343.83,8,0.0,118.16,2024,3,Mar,5,0.3437,2750.64,High Profit,Slow
ORD-00363,2024-03-05,2024-03-07,Standard Class,CUST-0025,Wendy Williams,Home Office,United States,Denver,Colorado,West,PROD-5078,Furniture,Bookcases,Bookcases Product 25,1562.52,2,0.2,208.96,2024,3,Mar,2,0.1337,2500.03,Moderate Profit,Express
ORD-00364,2024-03-25,2024-03-28,First Class,CUST-0031,Carl Sagan,Corporate,United States,Los Angeles,California,East,PROD-3598,Technology,Computers,Computers Product 41,2218.1,1,0.0,417.56,2024,3,Mar,3,0.1883,2218.1,Moderate Profit,Standard
ORD-00365,2024-03-24,2024-03-27,Same Day,CUST-0008,Fiona Apple,Corporate,United States,Los Angeles,California,East,PROD-1246,Furniture,Chairs,Chairs Product 11,543.96,5,0.0,86.02,2024,3,Mar,3,0.1581,2719.8,Moderate Profit,Standard
ORD-00366,2024-03-26,2024-03-28,Second Class,CUST-0024,Victor Hugo,Consumer,United States,Minneapolis,Minnesota,Central,PROD-9190,Technology,Phones,Phones Product 6,1199.51,4,0.0,408.61,2024,3,Mar,2,0.3406,4798.04,High Profit,Express
ORD-00367,2024-03-22,2024-03-27,Second Class,CUST-0009,George Lucas,Corporate,United States,San Francisco,California,West,PROD-6690,Office Supplies,Storage,Storage Product 29,465.77,1,0.0,72.97,2024,3,Mar,5,0.1567,465.77,Moderate Profit,Slow
ORD-00368,2024-03-24,2024-03-28,First Class,CUST-0046,Robin Hood,Home Office,United States,Philadelphia,Pennsylvania,East,PROD-9029,Furniture,Chairs,Chairs Product 13,1394.04,6,0.3,69.33,2024,3,Mar,4,0.0497,5854.97,Low Profit,Standard
ORD-00369,2024-03-19,2024-03-22,Same Day,CUST-0034,Frank Sinatra,Corporate,United States,San Francisco,California,West,PROD-5314,Furniture,Bookcases,Bookcases Product 35,681.18,8,0.0,211.37,2024,3,Mar,3,0.3103,5449.44,High Profit,Standard
ORD-00370,2024-03-12,2024-03-18,Second Class,CUST-0050,Vincent Vega,Corporate,United States,Chicago,Illinois,East,PROD-2037,Technology,Phones,Phones Product 43,2332.24,9,0.1,535.44,2024,3,Mar,6,0.2296,18891.14,High Profit,Slow
ORD-00371,2024-03-18,2024-03-25,First Class,CUST-0027,Yara Greyjoy,Consumer,United States,Miami,Florida,South,PROD-2577,Technology,Computers,Computers Product 34,1581.73,8,0.4,136.31,2024,3,Mar,7,0.0862,7592.3,Moderate Profit,Slow
ORD-00372,2024-03-22,2024-03-25,First Class,CUST-0032,Donna Summer,Consumer,United States,San Francisco,California,West,PROD-7366,Furniture,Chairs,Chairs Product 43,1678.63,3,0.0,523.81,2024,3,Mar,3,0.312,5035.89,High Profit,Standard
ORD-00373,2024-04-17,2024-04-24,Same Day,CUST-0014,Laura Palmer,Consumer,United States,New York,New York,East,PROD-8668,Office Supplies,Art,Art Product 41,131.69,6,0.0,30.52,2024,4,Apr,7,0.2318,790.14,High Profit,Slow
ORD-00374,2024-04-02,2024-04-04,Second Class,CUST-0020,Rachel Green,Home Office,United States,New York,New York,East,PROD-2591,Technology,Copiers,Copiers Product 7,2469.64,1,0.4,232.23,2024,4,Apr,2,0.094,1481.78,Moderate Profit,Express
ORD-00375,2024-04-24,2024-04-26,First Class,CUST-0048,Tom Hanks,Home Office,United States,Phoenix,Arizona,West,PROD-8515,Furniture,Furnishings,Furnishings Product 45,419.45,9,0.3,28.75,2024,4,Apr,2,0.0685,2642.54,Moderate Profit,Express
ORD-00376,2024-04-22,2024-04-28,Same Day,CUST-0035,Grace Kelly,Corporate,United States,Dallas,Texas,South,PROD-6163,Technology,Phones,Phones Product 36,517.09,3,0.2,61.7,2024,4,Apr,6,0.1193,1241.02,Moderate Profit,Slow
ORD-00377,2024-04-11,2024-04-17,First Class,CUST-0025,Wendy Williams,Corporate,United States,Seattle,Washington,West,PROD-8412,Technology,Copiers,Copiers Product 29,2297.27,7,0.4,246.05,2024,4,Apr,6,0.1071,9648.53,Moderate Profit,Slow
ORD-00378,2024-04-13,2024-04-16,Second Class,CUST-0020,Rachel Green,Corporate,United States,Houston,Texas,South,PROD-1355,Furniture,Chairs,Chairs Product 50,1966.77,10,0.0,403.74,2024,4,Apr,3,0.2053,19667.7,High Profit,Standard
ORD-00379,2024-04-27,2024-04-28,First Class,CUST-0003,Bob Johnson,Consumer,United States,San Francisco,California,West,PROD-3267,Office Supplies,Storage,Storage Product 17,459.96,9,0.2,71.22,2024,4,Apr,1,0.1548,3311.71,Moderate Profit,Express
ORD-00380,2024-04-12,2024-04-16,Same Day,CUST-0047,Sandra Bullock,Consumer,United States,San Francisco,California,West,PROD-8999,Office Supplies,Paper,Paper Product 45,120.33,5,0.0,26.61,2024,4,Apr,4,0.2211,601.65,High Profit,Standard
ORD-00381,2024-04-23,2024-04-25,First Class,CUST-0050,Vincent Vega,Corporate,United States,Chicago,Illinois,Central,PROD-8115,Office Supplies,Binders,Binders Product 27,299.64,5,0.0,80.67,2024,4,Apr,2,0.2692,1498.2,High Profit,Express
ORD-00382,2024-04-28,2024-04-28,Standard Class,CUST-0020,Rachel Green,Corporate,United States,Chicago,Illinois,Central,PROD-9846,Furniture,Tables,Tables Product 37,1507.97,10,0.0,362.16,2024,4,Apr,0,0.2402,15079.7,High Profit,Express
ORD-00383,2024-04-05,2024-04-09,Same Day,CUST-0028,Zara Phillips,Consumer,United States,Los Angeles,California,East,PROD-3165,Technology,Computers,Computers Product 22,476.53,7,0.1,111.73,2024,4,Apr,4,0.2345,3002.14,High Profit,Standard
ORD-00384,2024-04-03,2024-04-06,Same Day,CUST-0049,Ursula Burns,Home Office,United States,Minneapolis,Minnesota,Central,PROD-4245,Technology,Phones,Phones Product 32,1653.49,5,0.0,280.36,2024,4,Apr,3,0.1696,8267.45,Moderate Profit,Standard
ORD-00385,2024-04-13,2024-04-18,First Class,CUST-0018,Pamela Anderson,Home Office,United States,San Francisco,California,West,PROD-2467,Office Supplies,Art,Art Product 8,102.07,10,0.3,11.64,2024,4,Apr,5,0.114,714.49,Moderate Profit,Slow
ORD-00386,2024-04-22,2024-04-26,Same Day,CUST-0011,Ivan Drago,Home Office,United States,Chicago,Illinois,East,PROD-3389,Technology,Copiers,Copiers Product 29,1108.5,4,0.0,170.0,2024,4,Apr,4,0.1534,4434.0,Moderate Profit,Standard
ORD-00387,2024-04-02,2024-04-04,Second Class,CUST-0048,Tom Hanks,Home Office,United States,New York,New York,East,PROD-3419,Furniture,Tables,Tables Product 19,1386.45,3,0.4,148.93,2024,4,Apr,2,0.1074,2495.61,Moderate Profit,Express
ORD-00388,2024-05-11,2024-05-17,First Class,CUST-0035,Grace Kelly,Home Office,United States,Seattle,Washington,West,PROD-8913,Office Supplies,Binders,Binders Product 40,156.03,8,0.0,23.34,2024,5,May,6,0.1496,1248.24,Moderate Profit,Slow
ORD-00389,2024-05-24,2024-05-28,First Class,CUST-0013,Kevin Hart,Consumer,United States,Chicago,Illinois,East,PROD-8617,Furniture,Chairs,Chairs Product 42,784.38,9,0.0,99.33,2024,5,May,4,0.1266,7059.42,Moderate Profit,Standard
ORD-00390,2024-05-01,2024-05-06,Standard Class,CUST-0015,Unknown,Corporate,United States,Atlanta,Georgia,South,PROD-8940,Furniture,Furnishings,Furnishings Product 39,1337.73,6,0.4,44.07,2024,5,May,5,0.0329,4815.83,Low Profit,Slow
ORD-00391,2024-05-18,2024-05-24,First Class,CUST-0016,Unknown,Corporate,United States,New York,New York,East,PROD-9027,Furniture,Tables,Tables Product 26,437.81,8,0.2,100.49,2024,5,May,6,0.2295,2801.98,High Profit,Slow
ORD-00392,2024-05-24,2024-05-28,First Class,CUST-0004,Alice Brown,Corporate,United States,Denver,Colorado,West,PROD-1482,Furniture,Chairs,Chairs Product 36,726.22,6,0.0,172.53,2024,5,May,4,0.2376,4357.32,High Profit,Standard
ORD-00393,2024-05-09,2024-05-12,Second Class,CUST-0027,Yara Greyjoy,Corporate,United States,Minneapolis,Minnesota,Central,PROD-6118,Furniture,Tables,Tables Product 39,716.48,7,0.3,35.93,2024,5,May,3,0.0501,3510.75,Moderate Profit,Standard
ORD-00394,2024-05-11,2024-05-18,Second Class,CUST-0020,Rachel Green,Corporate,United States,Seattle,Washington,West,PROD-3378,Technology,Computers,Computers Product 42,636.14,3,0.2,94.58,2024,5,May,7,0.1487,1526.74,Moderate Profit,Slow
ORD-00395,2024-05-19,2024-05-21,First Class,CUST-0047,Sandra Bullock,Corporate,United States,Dallas,Texas,South,PROD-7737,Furniture,Bookcases,Bookcases Product 20,182.24,9,0.3,8.57,2024,5,May,2,0.047,1148.11,Low Profit,Express
ORD-00396,2024-06-24,2024-06-28,Second Class,CUST-0039,Kate Winslet,Home Office,United States,Chicago,Illinois,East,PROD-4804,Office Supplies,Storage,Storage Product 15,80.22,4,0.0,7.18,2024,6,Jun,4,0.0895,320.88,Moderate Profit,Standard
ORD-00397,2024-06-22,2024-06-27,Same Day,CUST-0012,Julia Roberts,Corporate,United States,Kansas City,Missouri,Central,PROD-3253,Furniture,Bookcases,Bookcases Product 11,204.98,8,0.0,41.14,2024,6,Jun,5,0.2007,1639.84,High Profit,Slow
ORD-00398,2024-06-07,2024-06-10,Standard Class,CUST-0049,Ursula Burns,Consumer,United States,Seattle,Washington,West,PROD-8197,Furniture,Chairs,Chairs Product 40,846.75,1,0.0,283.71,2024,6,Jun,3,0.3351,846.75,High Profit,Standard
ORD-00399,2024-06-16,2024-06-20,Same Day,CUST-0047,Sandra Bullock,Home Office,United States,Philadelphia,Pennsylvania,East,PROD-9784,Office Supplies,Storage,Storage Product 34,434.05,4,0.1,63.26,2024,6,Jun,4,0.1457,1562.58,Moderate Profit,Standard
ORD-00400,2024-06-21,2024-06-27,Same Day,CUST-0034,Frank Sinatra,Home Office,United States,Los Angeles,California,East,PROD-1643,Office Supplies,Binders,Binders Product 36,262.72,8,0.1,66.57,2024,6,Jun,6,0.2534,1891.58,High Profit,Slow
ORD-00401,2024-06-13,2024-06-18,First Class,CUST-0011,Ivan Drago,Home Office,United States,Atlanta,Georgia,South,PROD-1893,Office Supplies,Binders,Binders Product 45,98.98,8,0.1,26.53,2024,6,Jun,5,0.268,712.66,High Profit,Slow
ORD-00402,2024-06-17,2024-06-23,Second Class,CUST-0050,Vincent Vega,Corporate,United States,Los Angeles,California,East,PROD-7775,Furniture,Furnishings,Furnishings Product 21,1668.29,8,0.0,445.09,2024,6,Jun,6,0.2668,13346.32,High Profit,Slow
ORD-00403,2024-06-15,2024-06-22,Standard Class,CUST-0046,Robin Hood,Consumer,United States,Dallas,Texas,South,PROD-2870,Furniture,Tables,Tables Product 46,934.68,4,0.1,61.22,2024,6,Jun,7,0.0655,3364.85,Moderate Profit,Slow
ORD-00404,2024-06-15,2024-06-20,Standard Class,CUST-0036,Harry Styles,Consumer,United States,Phoenix,Arizona,West,PROD-6491,Office Supplies,Storage,Storage Product 37,47.23,7,0.3,7.46,2024,6,Jun,5,0.158,231.43,Moderate Profit,Slow
ORD-00405,2024-06-28,2024-06-28,Same Day,CUST-0020,Rachel Green,Corporate,United States,Philadelphia,Pennsylvania,East,PROD-3960,Office Supplies,Paper,Paper Product 8,221.69,3,0.0,23.93,2024,6,Jun,0,0.1079,665.07,Moderate Profit,Express
ORD-00406,2024-06-05,2024-06-10,Second Class,CUST-0039,Kate Winslet,Consumer,United States,Chicago,Illinois,Central,PROD-8794,Furniture,Chairs,Chairs Product 30,1263.99,5,0.0,237.12,2024,6,Jun,5,0.1876,6319.95,Moderate Profit,Slow
ORD-00407,2024-06-14,2024-06-17,Second Class,CUST-0004,Alice Brown,Consumer,United States,Dallas,Texas,South,PROD-6718,Technology,Phones,Phones Product 3,1811.63,1,0.0,570.03,2024,6,Jun,3,0.3147,1811.63,High Profit,Standard
ORD-00408,2024-06-05,2024-06-09,Second Class,CUST-0044,Patrick Star,Corporate,United States,Seattle,Washington,West,PROD-6901,Furniture,Bookcases,Bookcases Product 3,695.67,2,0.0,57.51,2024,6,Jun,4,0.0827,1391.34,Moderate Profit,Standard
ORD-00409,2024-06-03,2024-06-08,First Class,CUST-0019,Quincy Jones,Consumer,United States,Chicago,Illinois,Central,PROD-5496,Technology,Accessories,Accessories Product 22,1118.34,7,0.4,31.45,2024,6,Jun,5,0.0281,4697.03,Low Profit,Slow
ORD-00410,2024-06-17,2024-06-24,First Class,CUST-0047,Sandra Bullock,Corporate,United States,Philadelphia,Pennsylvania,East,PROD-6185,Technology,Computers,Computers Product 17,2093.57,10,0.0,173.33,2024,6,Jun,7,0.0828,20935.7,Moderate Profit,Slow
ORD-00411,2024-07-19,2024-07-25,Second Class,CUST-0012,Julia Roberts,Home Office,United States,Indianapolis,Indiana,Central,PROD-5759,Office Supplies,Storage,Storage Product 13,463.92,10,0.2,64.6,2024,7,Jul,6,0.1392,3711.36,Moderate Profit,Slow
ORD-00412,2024-07-01,2024-07-05,First Class,CUST-0003,Bob Johnson,Home Office,United States,Indianapolis,Indiana,Central,PROD-4478,Furniture,Chairs,Chairs Product 1,956.53,2,0.3,160.15,2024,7,Jul,4,0.1674,1339.14,Moderate Profit,Standard
ORD-00413,2024-07-21,2024-07-28,First Class,CUST-0008,Fiona Apple,Corporate,United States,Houston,Texas,South,PROD-7488,Furniture,Bookcases,Bookcases Product 47,546.11,2,0.0,76.5,2024,7,Jul,7,0.1401,1092.22,Moderate Profit,Slow
ORD-00414,2024-07-19,2024-07-26,Second Class,CUST-0003,Bob Johnson,Corporate,United States,Indianapolis,Indiana,Central,PROD-3545,Office Supplies,Binders,Binders Product 41,416.86,4,0.0,125.12,2024,7,Jul,7,0.3001,1667.44,High Profit,Slow
ORD-00415,2024-07-15,2024-07-21,Standard Class,CUST-0036,Unknown,Consumer,United States,Miami,Florida,South,PROD-6434,Office Supplies,Storage,Storage Product 23,233.92,7,0.3,8.6,2024,7,Jul,6,0.0368,1146.21,Low Profit,Slow
ORD-00416,2024-07-03,2024-07-09,Standard Class,CUST-0012,Julia Roberts,Corporate,United States,Phoenix,Arizona,West,PROD-6152,Furniture,Bookcases,Bookcases Product 46,1689.44,6,0.1,341.71,2024,7,Jul,6,0.2023,9122.98,High Profit,Slow
ORD-00417,2024-07-02,2024-07-06,Second Class,CUST-0034,Frank Sinatra,Consumer,United States,Dallas,Texas,South,PROD-7131,Technology,Copiers,Copiers Product 3,278.66,4,0.0,51.71,2024,7,Jul,4,0.1856,1114.64,Moderate Profit,Standard
ORD-00418,2024-07-25,2024-07-28,First Class,CUST-0022,Tina Turner,Corporate,United States,Seattle,Washington,West,PROD-3347,Furniture,Chairs,Chairs Product 50,915.36,1,0.4,71.32,2024,7,Jul,3,0.0779,549.22,Moderate Profit,Standard
ORD-00419,2024-07-28,2024-07-28,Standard Class,CUST-0020,Rachel Green,Corporate,United States,New York,New York,East,PROD-8649,Furniture,Tables,Tables Product 3,450.11,1,0.1,63.62,2024,7,Jul,0,0.1413,405.1,Moderate Profit,Express
ORD-00420,2024-07-04,2024-07-08,First Class,CUST-0013,Kevin Hart,Home Office,United States,Dallas,Texas,South,PROD-6228,Office Supplies,Storage,Storage Product 50,16.13,5,0.3,2.82,2024,7,Jul,4,0.1748,56.45,Moderate Profit,Standard
ORD-00421,2024-07-15,2024-07-19,First Class,CUST-0035,Grace Kelly,Corporate,United States,Los Angeles,California,East,PROD-3319,Office Supplies,Binders,Binders Product 46,139.96,3,0.0,11.8,2024,7,Jul,4,0.0843,419.88,Moderate Profit,Standard
ORD-00422,2024-07-26,2024-07-28,Same Day,CUST-0009,Unknown,Home Office,United States,Chicago,Illinois,Central,PROD-1826,Technology,Computers,Computers Product 7,530.4,5,0.2,117.95,2024,7,Jul,2,0.2224,2121.6,High Profit,Express
ORD-00423,2024-07-13,2024-07-17,Second Class,CUST-0020,Rachel Green,Home Office,United States,Kansas City,Missouri,Central,PROD-9740,Furniture,Chairs,Chairs Product 6,881.61,3,0.3,110.96,2024,7,Jul,4,0.1259,1851.38,Moderate Profit,Standard
ORD-00424,2024-07-25,2024-07-28,Second Class,CUST-0015,Mike Tyson,Home Office,United States,Indianapolis,Indiana,Central,PROD-5227,Technology,Computers,Computers Product 24,296.89,8,0.0,55.42,2024,7,Jul,3,0.1867,2375.12,Moderate Profit,Standard
ORD-00425,2024-07-13,2024-07-17,Same Day,CUST-0008,Fiona Apple,Corporate,United States,Philadelphia,Pennsylvania,East,PROD-3798,Furniture,Bookcases,Bookcases Product 19,1588.12,6,0.1,264.92,2024,7,Jul,4,0.1668,8575.85,Moderate Profit,Standard
ORD-00426,2024-07-25,2024-07-28,Standard Class,CUST-0036,Harry Styles,Corporate,United States,Chicago,Illinois,East,PROD-9728,Technology,Computers,Computers Product 30,1533.69,7,0.4,162.13,2024,7,Jul,3,0.1057,6441.5,Moderate Profit,Standard
ORD-00427,2024-08-19,2024-08-22,Same Day,CUST-0022,Tina Turner,Corporate,United States,Chicago,Illinois,Central,PROD-6606,Technology,Computers,Computers Product 35,1870.21,9,0.0,639.93,2024,8,Aug,3,0.3422,16831.89,High Profit,Standard
ORD-00428,2024-08-23,2024-08-28,Same Day,CUST-0038,James Bond,Corporate,United States,Chicago,Illinois,Central,PROD-2599,Furniture,Tables,Tables Product 29,1342.09,2,0.3,243.04,2024,8,Aug,5,0.1811,1878.93,Moderate Profit,Slow
ORD-00429,2024-08-06,2024-08-13,Standard Class,CUST-0032,Donna Summer,Consumer,United States,Kansas City,Missouri,Central,PROD-4565,Technology,Copiers,Copiers Product 9,227.43,2,0.3,36.8,2024,8,Aug,7,0.1618,318.4,Moderate Profit,Slow
ORD-00430,2024-08-19,2024-08-22,First Class,CUST-0013,Kevin Hart,Corporate,United States,Indianapolis,Indiana,Central,PROD-5989,Office Supplies,Binders,Binders Product 28,379.75,3,0.1,67.58,2024,8,Aug,3,0.178,1025.32,Moderate Profit,Standard
ORD-00431,2024-08-23,2024-08-27,Standard Class,CUST-0004,Alice Brown,Consumer,United States,Denver,Colorado,West,PROD-6885,Technology,Phones,Phones Product 8,1756.53,10,0.2,210.58,2024,8,Aug,4,0.1199,14052.24,Moderate Profit,Standard
ORD-00432,2024-08-28,2024-08-28,Second Class,CUST-0025,Wendy Williams,Home Office,United States,Indianapolis,Indiana,Central,PROD-3841,Technology,Phones,Phones Product 31,721.02,10,0.1,145.6,2024,8,Aug,0,0.2019,6489.18,High Profit,Express
ORD-00433,2024-08-05,2024-08-07,Standard Class,CUST-0009,George Lucas,Home Office,United States,Dallas,Texas,South,PROD-1257,Furniture,Furnishings,Furnishings Product 10,1694.49,6,0.4,118.73,2024,8,Aug,2,0.0701,6100.16,Moderate Profit,Express
ORD-00434,2024-08-24,2024-08-28,Same Day,CUST-0045,Queen Latifah,Home Office,United States,Indianapolis,Indiana,Central,PROD-3945,Technology,Copiers,Copiers Product 30,2925.43,3,0.0,266.7,2024,8,Aug,4,0.0912,8776.29,Moderate Profit,Standard
ORD-00435,2024-08-17,2024-08-20,First Class,CUST-0047,Sandra Bullock,Corporate,United States,Philadelphia,Pennsylvania,East,PROD-9948,Technology,Copiers,Copiers Product 37,1166.45,4,0.0,206.97,2024,8,Aug,3,0.1774,4665.8,Moderate Profit,Standard
ORD-00436,2024-08-12,2024-08-19,First Class,CUST-0047,Sandra Bullock,Corporate,United States,Los Angeles,California,East,PROD-9469,Furniture,Chairs,Chairs Product 6,1157.89,6,0.0,259.46,2024,8,Aug,7,0.2241,6947.34,High Profit,Slow
ORD-00437,2024-08-17,2024-08-23,Standard Class,CUST-0022,Tina Turner,Corporate,United States,Houston,Texas,South,PROD-8438,Office Supplies,Binders,Binders Product 33,126.39,2,0.3,16.69,2024,8,Aug,6,0.1321,176.95,Moderate Profit,Slow
ORD-00438,2024-08-16,2024-08-23,Same Day,CUST-0004,Alice Brown,Home Office,United States,Miami,Florida,South,PROD-3770,Office Supplies,Storage,Storage Product 37,213.4,5,0.0,32.21,2024,8,Aug,7,0.1509,1067.0,Moderate Profit,Slow
ORD-00439,2024-08-02,2024-08-04,First Class,CUST-0033,Elvis Presley,Corporate,United States,Los Angeles,California,East,PROD-3171,Office Supplies,Storage,Storage Product 40,221.69,10,0.0,55.15,2024,8,Aug,2,0.2488,2216.9,High Profit,Express
ORD-00440,2024-08-09,2024-08-12,First Class,CUST-0024,Victor Hugo,Home Office,United States,Phoenix,Arizona,West,PROD-4869,Technology,Accessories,Accessories Product 32,1551.18,2,0.2,198.34,2024,8,Aug,3,0.1279,2481.89,Moderate Profit,Standard
ORD-00441,2024-09-26,2024-09-28,Same Day,CUST-0049,Ursula Burns,Consumer,United States,Phoenix,Arizona,West,PROD-8211,Office Supplies,Binders,Binders Product 47,174.71,2,0.0,39.95,2024,9,Sep,2,0.2287,349.42,High Profit,Express
ORD-00442,2024-09-21,2024-09-26,Same Day,CUST-0011,Ivan Drago,Corporate,United States,New York,New York,East,PROD-5937,Furniture,Tables,Tables Product 31,1176.63,6,0.0,285.54,2024,9,Sep,5,0.2427,7059.78,High Profit,Slow
ORD-00443,2024-09-24,2024-09-28,Same Day,CUST-0019,Quincy Jones,Home Office,United States,Chicago,Illinois,Central,PROD-6172,Office Supplies,Paper,Paper Product 34,193.0,7,0.1,21.13,2024,9,Sep,4,0.1095,1215.9,Moderate Profit,Standard
ORD-00444,2024-09-22,2024-09-26,Standard Class,CUST-0018,Pamela Anderson,Corporate,United States,Miami,Florida,South,PROD-7408,Furniture,Chairs,Chairs Product 30,1839.54,6,0.4,132.11,2024,9,Sep,4,0.0718,6622.34,Moderate Profit,Standard
ORD-00445,2024-09-25,2024-09-28,Standard Class,CUST-0021,Steve Rogers,Home Office,United States,Dallas,Texas,South,PROD-1138,Office Supplies,Paper,Paper Product 5,368.49,10,0.4,15.99,2024,9,Sep,3,0.0434,2210.94,Low Profit,Standard
ORD-00446,2024-09-01,2024-09-03,Standard Class,CUST-0013,Kevin Hart,Home Office,United States,Miami,Florida,South,PROD-2506,Technology,Phones,Phones Product 4,1585.29,8,0.0,183.62,2024,9,Sep,2,0.1158,12682.32,Moderate Profit,Express
ORD-00447,2024-09-20,2024-09-27,First Class,CUST-0025,Wendy Williams,Consumer,United States,Los Angeles,California,East,PROD-4018,Office Supplies,Paper,Paper Product 17,475.49,2,0.3,88.22,2024,9,Sep,7,0.1855,665.69,Moderate Profit,Slow
ORD-00448,2024-09-10,2024-09-12,First Class,CUST-0011,Ivan Drago,Consumer,United States,Miami,Florida,South,PROD-7271,Technology,Phones,Phones Product 25,1923.57,5,0.4,137.03,2024,9,Sep,2,0.0712,5770.71,Moderate Profit,Express
ORD-00449,2024-09-11,2024-09-16,Second Class,CUST-0040,Liam Neeson,Home Office,United States,Minneapolis,Minnesota,Central,PROD-9061,Furniture,Bookcases,Bookcases Product 7,1913.43,5,0.0,348.57,2024,9,Sep,5,0.1822,9567.15,Moderate Profit,Slow
ORD-00450,2024-09-05,2024-09-07,First Class,CUST-0005,Charlie Wilson,Corporate,United States,New York,New York,East,PROD-1307,Office Supplies,Appliances,Appliances Product 32,113.1,2,0.1,25.44,2024,9,Sep,2,0.2249,203.58,High Profit,Express
ORD-00451,2024-10-21,2024-10-23,Same Day,CUST-0037,Iris West,Corporate,United States,Atlanta,Georgia,South,PROD-8144,Office Supplies,Binders,Binders Product 26,466.78,7,0.0,44.57,2024,10,Oct,2,0.0955,3267.46,Moderate Profit,Express
ORD-00452,2024-10-28,2024-10-28,First Class,CUST-0037,Iris West,Corporate,United States,Chicago,Illinois,Central,PROD-5961,Office Supplies,Binders,Binders Product 26,272.36,1,0.1,77.84,2024,10,Oct,0,0.2858,245.12,High Profit,Express
ORD-00453,2024-10-02,2024-10-08,Standard Class,CUST-0012,Julia Roberts,Corporate,United States,Dallas,Texas,South,PROD-4129,Office Supplies,Binders,Binders Product 20,185.85,6,0.0,56.19,2024,10,Oct,6,0.3023,1115.1,High Profit,Slow
ORD-00454,2024-10-23,2024-10-25,Second Class,CUST-0009,George Lucas,Consumer,United States,Minneapolis,Minnesota,Central,PROD-4907,Technology,Phones,Phones Product 32,1899.24,6,0.1,121.82,2024,10,Oct,2,0.0641,10255.9,Moderate Profit,Express
ORD-00455,2024-10-13,2024-10-15,Same Day,CUST-0047,Sandra Bullock,Consumer,United States,Chicago,Illinois,East,PROD-4468,Furniture,Bookcases,Bookcases Product 42,1024.38,8,0.0,62.6,2024,10,Oct,2,0.0611,8195.04,Moderate Profit,Express
ORD-00456,2024-10-22,2024-10-28,Second Class,CUST-0003,Bob Johnson,Corporate,United States,San Francisco,California,West,PROD-1312,Office Supplies,Appliances,Appliances Product 31,470.34,9,0.0,128.08,2024,10,Oct,6,0.2723,4233.06,High Profit,Slow
ORD-00457,2024-10-20,2024-10-25,Second Class,CUST-0007,Edward Norton,Home Office,United States,Chicago,Illinois,East,PROD-2047,Furniture,Tables,Tables Product 7,944.23,3,0.0,144.13,2024,10,Oct,5,0.1526,2832.69,Moderate Profit,Slow
ORD-00458,2024-10-04,2024-10-11,Second Class,CUST-0008,Fiona Apple,Corporate,United States,Kansas City,Missouri,Central,PROD-4493,Technology,Computers,Computers Product 49,208.07,4,0.1,26.74,2024,10,Oct,7,0.1285,749.05,Moderate Profit,Slow
ORD-00459,2024-10-02,2024-10-06,Second Class,CUST-0045,Queen Latifah,Corporate,United States,Minneapolis,Minnesota,Central,PROD-4991,Office Supplies,Paper,Paper Product 38,171.07,2,0.0,15.8,2024,10,Oct,4,0.0924,342.14,Moderate Profit,Standard
ORD-00460,2024-10-02,2024-10-04,Standard Class,CUST-0006,Diana Prince,Consumer,United States,Philadelphia,Pennsylvania,East,PROD-2460,Furniture,Chairs,Chairs Product 46,1592.55,10,0.1,383.49,2024,10,Oct,2,0.2408,14332.95,High Profit,Express
ORD-00461,2024-11-19,2024-11-24,Same Day,CUST-0034,Frank Sinatra,Consumer,United States,Denver,Colorado,West,PROD-3859,Technology,Copiers,Copiers Product 40,2086.64,8,0.3,101.07,2024,11,Nov,5,0.0484,11685.18,Low Profit,Slow
ORD-00462,2024-11-23,2024-11-25,Second Class,CUST-0027,Yara Greyjoy,Consumer,United States,Miami,Florida,South,PROD-2925,Furniture,Tables,Tables Product 34,1448.54,10,0.0,344.98,2024,11,Nov,2,0.2382,14485.4,High Profit,Express
ORD-00463,2024-11-04,2024-11-07,Standard Class,CUST-0004,Alice Brown,Consumer,United States,Denver,Colorado,West,PROD-8772,Office Supplies,Storage,Storage Product 32,432.05,9,0.2,35.02,2024,11,Nov,3,0.0811,3110.76,Moderate Profit,Standard
ORD-00464,2024-11-06,2024-11-11,Standard Class,CUST-0040,Liam Neeson,Consumer,United States,Miami,Florida,South,PROD-1859,Furniture,Chairs,Chairs Product 35,155.35,6,0.0,17.54,2024,11,Nov,5,0.1129,932.1,Moderate Profit,Slow
ORD-00465,2024-11-06,2024-11-09,First Class,CUST-0027,Yara Greyjoy,Consumer,United States,Kansas City,Missouri,Central,PROD-2804,Furniture,Chairs,Chairs Product 21,995.87,2,0.0,317.21,2024,11,Nov,3,0.3185,1991.74,High Profit,Standard
ORD-00466,2024-11-08,2024-11-13,Standard Class,CUST-0038,James Bond,Corporate,United States,Philadelphia,Pennsylvania,East,PROD-3374,Furniture,Tables,Tables Product 14,1488.61,4,0.1,401.62,2024,11,Nov,5,0.2698,5359.0,High Profit,Slow
ORD-00467,2024-11-20,2024-11-24,Second Class,CUST-0013,Kevin Hart,Consumer,United States,Miami,Florida,South,PROD-1977,Technology,Computers,Computers Product 18,1174.24,3,0.1,265.44,2024,11,Nov,4,0.2261,3170.45,High Profit,Standard
ORD-00468,2024-11-05,2024-11-11,Second Class,CUST-0041,Mary Poppins,Home Office,United States,Dallas,Texas,South,PROD-4763,Furniture,Furnishings,Furnishings Product 6,944.23,3,0.4,57.81,2024,11,Nov,6,0.0612,1699.61,Moderate Profit,Slow
ORD-00469,2024-11-14,2024-11-21,Same Day,CUST-0001,John Smith,Home Office,United States,Kansas City,Missouri,Central,PROD-5041,Office Supplies,Appliances,Appliances Product 16,431.79,4,0.2,58.05,2024,11,Nov,7,0.1344,1381.73,Moderate Profit,Slow
ORD-00470,2024-11-11,2024-11-13,Same Day,CUST-0003,Bob Johnson,Home Office,United States,Philadelphia,Pennsylvania,East,PROD-9261,Technology,Computers,Computers Product 3,2677.63,10,0.0,799.73,2024,11,Nov,2,0.2987,26776.3,High Profit,Express
ORD-00471,2024-11-14,2024-11-21,Same Day,CUST-0045,Queen Latifah,Consumer,United States,New York,New York,East,PROD-3174,Office Supplies,Appliances,Appliances Product 23,242.24,2,0.1,40.89,2024,11,Nov,7,0.1688,436.03,Moderate Profit,Slow
ORD-00472,2024-11-10,2024-11-13,Same Day,CUST-0030,Betty White,Consumer,United States,Philadelphia,Pennsylvania,East,PROD-7068,Furniture,Chairs,Chairs Product 41,944.23,5,0.0,21.16,2024,11,Nov,3,0.0224,4721.15,Low Profit,Standard
ORD-00473,2024-11-15,2024-11-20,First Class,CUST-0019,Unknown,Home Office,United States,Houston,Texas,South,PROD-9887,Office Supplies,Binders,Binders Product 37,430.89,2,0.1,116.48,2024,11,Nov,5,0.2703,775.6,High Profit,Slow
ORD-00474,2024-11-26,2024-11-28,First Class,CUST-0008,Fiona Apple,Corporate,United States,Houston,Texas,South,PROD-1669,Furniture,Chairs,Chairs Product 24,1259.89,6,0.3,118.16,2024,11,Nov,2,0.0938,5291.54,Moderate Profit,Express
ORD-00475,2024-11-12,2024-11-17,Second Class,CUST-0042,Neil Young,Home Office,United States,San Francisco,California,West,PROD-4693,Furniture,Chairs,Chairs Product 21,1143.48,4,0.0,393.79,2024,11,Nov,5,0.3444,4573.92,High Profit,Slow
ORD-00476,2024-11-12,2024-11-19,First Class,CUST-0031,Carl Sagan,Corporate,United States,Chicago,Illinois,Central,PROD-7031,Technology,Copiers,Copiers Product 44,845.89,2,0.0,129.9,2024,11,Nov,7,0.1536,1691.78,Moderate Profit,Slow
ORD-00477,2024-11-23,2024-11-25,Second Class,CUST-0005,Charlie Wilson,Corporate,United States,Denver,Colorado,West,PROD-2835,Furniture,Tables,Tables Product 45,1789.21,8,0.0,118.16,2024,11,Nov,2,0.066,14313.68,Moderate Profit,Express
ORD-00478,2024-11-05,2024-11-09,Same Day,CUST-0031,Carl Sagan,Corporate,United States,Minneapolis,Minnesota,Central,PROD-1351,Technology,Computers,Computers Product 19,2627.48,9,0.3,82.09,2024,11,Nov,4,0.0312,16553.12,Low Profit,Standard
ORD-00479,2024-12-03,2024-12-09,Same Day,CUST-0032,Donna Summer,Corporate,United States,Miami,Florida,South,PROD-5982,Furniture,Tables,Tables Product 37,944.23,9,0.3,139.15,2024,12,Dec,6,0.1474,5948.65,Moderate Profit,Slow
ORD-00480,2024-12-05,2024-12-09,First Class,CUST-0010,Helen Troy,Corporate,United States,Houston,Texas,South,PROD-3725,Technology,Computers,Computers Product 40,2372.02,4,0.1,325.76,2024,12,Dec,4,0.1373,8539.27,Moderate Profit,Standard
ORD-00481,2024-12-06,2024-12-08,First Class,CUST-0016,Nancy Drew,Corporate,United States,Seattle,Washington,West,PROD-3072,Office Supplies,Art,Art Product 29,146.2,3,0.4,15.35,2024,12,Dec,2,0.105,263.16,Moderate Profit,Express
ORD-00482,2024-12-09,2024-12-14,Second Class,CUST-0024,Victor Hugo,Home Office,United States,Dallas,Texas,South,PROD-5940,Technology,Computers,Computers Product 8,631.36,1,0.3,50.38,2024,12,Dec,5,0.0798,441.95,Moderate Profit,Slow
ORD-00483,2024-12-01,2024-12-05,Second Class,CUST-0031,Carl Sagan,Home Office,United States,Miami,Florida,South,PROD-8243,Technology,Copiers,Copiers Product 22,2310.18,8,0.0,223.66,2024,12,Dec,4,0.0968,18481.44,Moderate Profit,Standard
ORD-00484,2024-12-23,2024-12-28,Second Class,CUST-0026,Xavier Woods,Corporate,United States,Houston,Texas,South,PROD-6855,Furniture,Furnishings,Furnishings Product 6,1805.34,3,0.3,213.77,2024,12,Dec,5,0.1184,3791.21,Moderate Profit,Slow
ORD-00485,2024-12-11,2024-12-13,Same Day,CUST-0002,Jane Doe,Home Office,United States,Dallas,Texas,South,PROD-2431,Furniture,Tables,Tables Product 33,1187.69,4,0.4,157.11,2024,12,Dec,2,0.1323,2850.46,Moderate Profit,Express
ORD-00486,2024-12-13,2024-12-20,First Class,CUST-0010,Helen Troy,Corporate,United States,Atlanta,Georgia,South,PROD-7326,Furniture,Furnishings,Furnishings Product 24,669.63,10,0.2,156.1,2024,12,Dec,7,0.2331,5357.04,High Profit,Slow
ORD-00487,2024-12-01,2024-12-06,Same Day,CUST-0048,Tom Hanks,Corporate,United States,Phoenix,Arizona,West,PROD-3683,Technology,Accessories,Accessories Product 47,1067.04,8,0.4,93.18,2024,12,Dec,5,0.0873,5121.79,Moderate Profit,Slow
ORD-00488,2024-12-14,2024-12-20,First Class,CUST-0031,Carl Sagan,Consumer,United States,Denver,Colorado,West,PROD-7156,Office Supplies,Appliances,Appliances Product 6,74.09,10,0.2,3.93,2024,12,Dec,6,0.053,592.72,Moderate Profit,Slow
ORD-00489,2024-12-01,2024-12-06,First Class,CUST-0012,Julia Roberts,Home Office,United States,Seattle,Washington,West,PROD-9037,Technology,Accessories,Accessories Product 3,1255.25,9,0.1,280.69,2024,12,Dec,5,0.2236,10167.52,High Profit,Slow
ORD-00452,2024-10-28,2024-10-28,First Class,CUST-0037,Iris West,Corporate,United States,Chicago,Illinois,Central,PROD-5961,Office Supplies,Binders,Binders Product 26,221.69,1,0.1,77.84,2024,10,Oct,0,0.3511,199.52,High Profit,Express
ORD-00473,2024-11-15,2024-11-20,First Class,CUST-0019,Quincy Jones,Home Office,United States,Houston,Texas,South,PROD-9887,Office Supplies,Binders,Binders Product 37,430.89,2,0.1,116.48,2024,11,Nov,5,0.2703,775.6,High Profit,Slow
